-- MySQL dump 10.18  Distrib 10.3.27-MariaDB, for debian-linux-gnu (x86_64)
--
-- Host: 127.0.0.1    Database: bibliobus
-- ------------------------------------------------------
-- Server version	10.3.27-MariaDB-0+deb10u1-log

/*!40101 SET @OLD_CHARACTER_SET_CLIENT=@@CHARACTER_SET_CLIENT */;
/*!40101 SET @OLD_CHARACTER_SET_RESULTS=@@CHARACTER_SET_RESULTS */;
/*!40101 SET @OLD_COLLATION_CONNECTION=@@COLLATION_CONNECTION */;
/*!40101 SET NAMES utf8mb4 */;
/*!40103 SET @OLD_TIME_ZONE=@@TIME_ZONE */;
/*!40103 SET TIME_ZONE='+00:00' */;
/*!40014 SET @OLD_UNIQUE_CHECKS=@@UNIQUE_CHECKS, UNIQUE_CHECKS=0 */;
/*!40014 SET @OLD_FOREIGN_KEY_CHECKS=@@FOREIGN_KEY_CHECKS, FOREIGN_KEY_CHECKS=0 */;
/*!40101 SET @OLD_SQL_MODE=@@SQL_MODE, SQL_MODE='NO_AUTO_VALUE_ON_ZERO' */;
/*!40111 SET @OLD_SQL_NOTES=@@SQL_NOTES, SQL_NOTES=0 */;

--
-- Table structure for table `biblio_app`
--

DROP TABLE IF EXISTS `biblio_app`;
/*!40101 SET @saved_cs_client     = @@character_set_client */;
/*!40101 SET character_set_client = utf8 */;
CREATE TABLE `biblio_app` (
  `id` int(11) NOT NULL AUTO_INCREMENT,
  `arduino_name` varchar(64) NOT NULL,
  `id_ble` varchar(32) NOT NULL,
  `nb_lines` int(11) NOT NULL,
  `nb_cols` int(11) NOT NULL,
  `strip_length` float(5,1) NOT NULL COMMENT 'Length for LEDs strip in cm',
  `leds_interval` float(3,2) NOT NULL COMMENT 'Interval btw leds cm',
  `mood_color` varchar(16) DEFAULT NULL,
  `uuid` varchar(64) DEFAULT NULL,
  `mac` varchar(64) DEFAULT NULL,
  PRIMARY KEY (`id`),
  UNIQUE KEY `id_ble` (`id_ble`),
  UNIQUE KEY `mac` (`mac`),
  UNIQUE KEY `uuid` (`uuid`)
) ENGINE=InnoDB AUTO_INCREMENT=4 DEFAULT CHARSET=utf8;
/*!40101 SET character_set_client = @saved_cs_client */;

--
-- Dumping data for table `biblio_app`
--

LOCK TABLES `biblio_app` WRITE;
/*!40000 ALTER TABLE `biblio_app` DISABLE KEYS */;
INSERT INTO `biblio_app` VALUES (1,'Bibliothèque Bureau','bibus0001',3,62,102.5,1.66,'118,43,21','D55EC685-8030-AF55-3C10-666A1DAFCDAA','4C:24:98:E6:99:DB'),(2,'Biblio Démo ','bibus-0002-03092',2,32,52.5,1.66,'178,177,176',NULL,NULL),(3,'Bearstech','bibus-0003-03047',3,47,78.0,1.66,'40,168,84',NULL,NULL);
/*!40000 ALTER TABLE `biblio_app` ENABLE KEYS */;
UNLOCK TABLES;

--
-- Table structure for table `biblio_book`
--

DROP TABLE IF EXISTS `biblio_book`;
/*!40101 SET @saved_cs_client     = @@character_set_client */;
/*!40101 SET character_set_client = utf8 */;
CREATE TABLE `biblio_book` (
  `id` int(11) NOT NULL AUTO_INCREMENT,
  `id_user` int(11) NOT NULL,
  `isbn` varchar(32) DEFAULT NULL,
  `title` varchar(255) NOT NULL,
  `author` varchar(255) NOT NULL,
  `editor` varchar(255) DEFAULT NULL,
  `year` varchar(10) DEFAULT NULL,
  `pages` varchar(10) DEFAULT NULL,
  `reference` varchar(32) DEFAULT NULL,
  `description` text DEFAULT NULL,
  `width` smallint(6) DEFAULT NULL COMMENT 'book width in cm',
  PRIMARY KEY (`id`),
  UNIQUE KEY `id` (`id`,`id_user`),
  KEY `id_user` (`id_user`),
  KEY `title` (`title`,`author`)
) ENGINE=InnoDB AUTO_INCREMENT=223 DEFAULT CHARSET=utf8;
/*!40101 SET character_set_client = @saved_cs_client */;

--
-- Dumping data for table `biblio_book`
--

LOCK TABLES `biblio_book` WRITE;
/*!40000 ALTER TABLE `biblio_book` DISABLE KEYS */;
INSERT INTO `biblio_book` VALUES (1,1,'9782742738076','Le livre des illusions','Paul Auster','Éditions Actes Sud','2002','386','EF_gAwAAQBAJ','Après avoir écrit la biographie d\'un acteur du cinéma muet porté disparu depuis des décennies, David Zimmer reçoit un courrier : l\'acteur le demande de toute urgence sur son lit de mort, pour lui léguer un étrange héritage.',0),(2,1,'9782370731258','L\'Arabe du futur : 4 : une jeunesse au Moyen-Orient (1987-1992)','Riad Sattouf','Allary Éditions','2018','280','4tSpxAEACAAJ','Né d\'un père syrien et d\'une mère bretonne, Riad Sattouf grandit d\'abord à Tripoli, en Libye, où son père vient d\'être nommé professeur. Issu d\'un milieu pauvre, féru de politique et obsédé par le panarabisme, Abdel-Razak Sattouf élève son fils Riad dans le culte des grands dictateurs arabes, symboles de modernité et de puissance virile. En 1984, la famille déménage en Syrie et rejoint le berceau des Sattouf, un petit village près de Homs. Malmené par ses cousins (il est blond, cela n\'aide pas...), le jeune Riad découvre la rudesse de la vie paysanne traditionnelle. Son père, lui, n\'a qu\'une idée en tête : que son fils Riad aille à l\'école syrienne et devienne un Arabe moderne et éduqué, un Arabe du futur. (www.decitre.fr).',NULL),(3,1,'9782070134274','Plonger','Christophe Ono-Dit-Biot','Editions Gallimard','2013','443','IrNvBgAAQBAJ','\"Ils l\'ont retrouvée comme ça. Nue et morte. Sur la plage d\'un pays arabe. Avec le sel qui faisait des cristaux sur sa peau.\" Un homme enquête sur la femme qu\'il a passionnément aimée. Elle est partie il y a plusieurs mois, pour une destination inconnue, le laissant seul avec leur petit garçon. Elle était artiste, elle s\'appelait Paz. Elle était solaire, inquiète, incroyablement douée. Elle étouffait en Europe. Pour son fils, à qui il doit la vérité sur sa mère, il remonte le fil de leur amour – leur rencontre, les débuts puis l\'ascension de Paz dans le monde de l\'art, la naissance de l\'enfant – et essaie d\'élucider les raisons qui ont précipité sa fin. Des trésors de la vieille Europe aux mégapoles du Nouveau Monde, du marbre des musées au sable des rivages où l\'on se lave de tout, Plonger est l\'histoire d\'un couple de notre temps. En proie à tous les vertiges d\'une époque où il devient de plus en plus difficile d\'aimer. Grand prix du Roman de l\'Académie française 2013 Prix Renaudot des Lycéens 2013',0),(4,1,'9782017059035','Le monde grec antique','Marie-Claire Amouretti, Françoise Ruzé, Philippe Jockey','Hachette Éducation','2018','280','Pb1VDwAAQBAJ','LIVRE PREMIER<br>Les premiers temps de la Grèce<br>1. L’installation des Grecs. La terre et les hommes<br>2. Le monde égéen à l’époque des palais crétois<br>3. Apogée et chute du monde mycénien<br> <br>LIVRE DEUXIÈME<br>Un nouveau monde grec<br>4. Les problèmes du Haut-Archaïsme / Homère et Hésiode<br>5. La cité archaïque et l’expansion coloniale<br>6. Évolution politique et sociale des cités<br>7. La diversité des cités grecques<br>8. L’univers religieux de la cité<br> <br>LIVRE TROISIÈME<br>La Grèce classique<br>9. L’avènement du ve siècle<br>10. Le rayonnement d’Athènes<br>11. Vivre en Grèce au ve siècle<br>12. De la guerre du Péloponnèse à la mort de Socrate<br>13. Les franges du monde grec<br>14. L’économie au ive siècle<br>15. Les transformations de la cité au ive siècle<br> <br>LIVRE QUATRIÈME<br>Alexandre et le monde hellénistique<br>16. Philippe, Alexandre et les cités grecques<br>17. Les grandes monarchies hellénistiques (Égypte exclue), les ligues et les cités<br>18. Alexandrie et l’Égypte lagide<br>19. La société hellénistique<br> <br>Les auteurs<br>Françoise Ruzé, professeur émérite d’histoire grecque de l’université de Caen.<br>Marie-Claire Amouretti (1936-2010), professeur des universités.<br>Philippe Jockey, professeur d’histoire de l’art et d’archéologie du monde grec à l’université Paris-Nanterre.<br>',NULL),(5,1,'9782070115228','Donne-moi quelque chose qui ne meure pas','Christian Bobin, Edouard Boubat','Gallimard','1996','112','IUXGMgEACAAJ','Cet ouvrage est né d\'une heureuse rencontre entre un écrivain et un photographe. Le premier, Christian Bobin est un auteur affirmé. Il a déjà publié de nombreux livres, dont quelques-uns chez Gallimard qui ont connu un grand succès : Le Très-Bas (1992), La folle allure (1995). C\'est un homme discret, qui aime peu parler de lui. Il préfère s\'effacer devant ses écrits et laisser aux lecteurs le plaisir de découvrir son univers de mots et de sensations. Le second, Edouard Boubat, est un photographe de renommée mondiale. Nous avons l\'habitude de lire sa sensibilité à travers les étonnantes photographies devenues des classiques que nous retrouvons dans les nombreux ouvrages qui lui ont été consacrés. Ces personnalités fort différentes se sont réunies autour d\'un projet commun. Le résultat est le fruit des voyages du photographe, sillonnant la planète pour y capter partout la vie, et de l\'écrivain, inspiré par les ouvres de Boubat et voyageant à travers elles.',NULL),(6,1,'','La chambre claire','Roland Barthes','Gallimard / Seuil','1980','193','lkVDwgEACAAJ','',NULL),(7,1,'','La crise de la conscience européenne, 1680-1715','Paul Hazard','Boivin','1935','315','giuKtgEACAAJ','\"La majorité des Français pensait comme Bossuet: tout d\'un coup, les Français pensent comme Voltaire: c\'est une révolution\", écrivait Paul Hazard dans ce livre désormais classique. De 1680 à 1715 s\'affrontent en effet les idées les plus contradictoires et les plus puissantes. L\'ordre classique, qui avait repris force après la Renaissance, paraissait éternel. Or, vers 1680, tout se met à bouger. Un air extérieur semble souffler dans le solennel édifice; des esprits ont l\'audace de prétendre que les Modernes valent bien les Anciens, que le progrès doit l\'emporter sur la tradition, la science sur la foi. \"Il s\'agissait de savoir si l\'humanité continuerait sa route en se fiant aux mêmes guides ou si des chefs nouveaux lui feraient volte-face pour la conduire vers d\'autres terres promises.\" Une époque charnière donc, où l\'esprit de doute surgit partout. Le goût des récits de voyage élargit les horizons et ébranle les certitudes acquises; on discute de la Bible, de l\'authenticité des textes sacrés, des mystères; les libres penseurs font la guerre à la tradition; on parle de religion naturelle, de mort naturelle, de droit naturel, on rêve d\'une ère de bonheur terrestre fondée sur la raison et sur la science, les philosophes prônent la tolérance. C\'est ce formidable bouillonnement d\'idées et d\'hommes que décrit Paul Hazard, retraçant ici en quelque sorte l\'histoire des origines de l\'Europe contemporaine.',NULL),(9,1,'9782352070795','Pascal Brutal - Coffret 3 volumes','Riad Sattouf','Fluide Glacial','2010','138','sypXYgEACAAJ','« La virilité? C’est son métier. » A peine auréolé du Prix du Meilleur album (Fauve d’or) au festival d’Angoulême 2010, Pascal Brutal avec un coffret ultra viril reprenant ses trois albums aux muscles bandés (et au bouc bien taillé). Nous sommes toujours dans un futur ultralibéraliste proche, dans lequel la France est présidée par Alain Madelin. Pascal Brutal, véritable guerrier urbain plein de douceur (mais quand on sait le prendre), vit sa vie à 300 à l’heure (sur sa grosse moto). Les mecs ont gagné et Pascal est leur roi. Vous le reconnaîtrez assez facilement : si le poing qui vient vous péter la gueule est prolongé d’une élégante gourmette, vous venez de vous faire destroyer par Pascal. Si les baskets qui vous éclatent les cerises sont des Adidas Torsion (modèle 1992), vous venez de vous faire honorer par Pascal.',NULL),(10,1,'9782205055917','Inédits','Gotlib','Dargaud','2004','94','TL5_PQAACAAJ','Un miracle ! Il n\'y a pas d\'autre mot pour décrire ce recueil de gags inédits. Le créateur de la Rubrique-à-Brac s\'est replongé dans ses archives et a déniché enquêtes, pages d\'actualité, tranches de vie et autres sommets de l\'humour gotlibien. « Un miracle », vous dis-je ! Cette version des Inédits est enrichie de nouvelles pages, tirées, notamment, tirées de Vive la Gaule, un ouvrage épuisé depuis plus de vingt ans.',NULL),(11,1,'9782072567827','Autoportrait au radiateur','Christian Bobin','Editions Gallimard','2014','176','h4lYBAAAQBAJ','\'Ce n\'est pas un journal que je tiens, c\'est un feu que j\'allume dans le noir. Ce n\'est pas un feu que j\'allume dans le noir, c\'est un animal que je nourris. Ce n\'est pas un animal que je nourris, c\'est le sang que j\'écoute à mes tempes, comme il bat - un volet ensauvagé contre le mur d\'une petite maison.\'',NULL),(12,1,'','Les contemplations','Victor Hugo','Le Livre de Poche','1969','510','PoVFAAAAcAAJ','',NULL),(13,1,'9782021338041','Capital et idéologie','Thomas Piketty','Le Seuil','2019','1197','GR-tDwAAQBAJ','<p>Toutes les sociétés humaines ont besoin de justifier leurs inégalités : il faut leur trouver des raisons, faute de quoi c\'est l\'ensemble de l\'édifice politique et social qui menace de s\'effondrer. Les idéologies du passé, si on les étudie de près, ne sont à cet égard pas toujours plus folles que celles du présent. C\'est en montrant la multiplicité des trajectoires et des bifurcations possibles que l\'on peut interroger les fondements de nos propres institutions et envisager les conditions de leur transformation.<br> À partir de données comparatives d\'une ampleur et d\'une profondeur inédites, ce livre retrace dans une perspective tout à la fois économique, sociale, intellectuelle et politique l\'histoire et le devenir des régimes inégalitaires, depuis les sociétés trifonctionnelles et esclavagistes anciennes jusqu\'aux sociétés postcoloniales et hypercapitalistes modernes, en passant par les sociétés propriétaristes, coloniales, communistes et sociales-démocrates. À l\'encontre du récit hyperinégalitaire qui s\'est imposé depuis les années 1980-1990, il montre que c\'est le combat pour l\'égalité et l\'éducation, et non pas la sacralisation de la propriété, qui a permis le développement économique et le progrès humain.<br> En s\'appuyant sur les leçons de l\'histoire globale, il est possible de rompre avec le fatalisme qui nourrit les dérives identitaires actuelles et d\'imaginer un socialisme participatif pour le XXIe siècle : un nouvel horizon égalitaire à visée universelle, une nouvelle idéologie de l\'égalité, de la propriété sociale, de l\'éducation et du partage des savoirs et des pouvoirs.<br> <br> Directeur d\'études à l\'École des hautes études en sciences sociales et professeur à l\'École d\'économie de Paris, <b>Thomas Piketty</b> est l\'auteur du <i>Capital au</i> <i>XXIe siècle</i> (2013), traduit en 40 langues et vendu à plus de 2,5 millions d\'exemplaires, dont le présent livre est le prolongement.<br><br></p>',45),(14,1,'9782344017807','Le guide du moutard','Jul','Albin Michel','2007','100','WMz2MAAACAAJ','Survivre à 9 mois de grossesse? C\'est possible! Qu\'on soit future mère, futur père, ou tout simplement dans un rayon de moins de 200 mètres d\'une femme enceinte, nul ne peut échapper aux bouleversements fantastiques provoqués par une grossesse! Dans son journal de bord, véritable mine de conseils et reportage semaine après semaine, Jul nous livre avec son humour ravageur et son talent d\'observateur hors-pair toutes les clefs pour réussir ce passage. On tremble chez la gynécologue et on rêve à la pharmacie, on vomit au restaurant et on fait de la politique à la maternité : voici enfin une boussole dans la jungle du baby-boom, pour les aventuriers de la grossesse. Véritable best-seller dédié au plus universel des sujets, Le Guide du moutard est un album qui ne se démode pas. Cette nouvelle édition avec une nouvelle couverture et des pages inédites fait résonner ce thème avec les grands évènements qui façonnent notre vie aujourd\'hui. Daech, Donald Trump, les migrants, Charlie Hebdo apparaissent dans cette nouvelle version, parce que la grossesse n\'échappe pas au fracas du monde. Drôle, tendre et corrosif : un album sans péridurale!',NULL),(15,1,'9782402093637','Une mauvaise histoire juive','Bernard Fride','FeniXX','1990','205','oopYDwAAQBAJ','L’aveuglement à l’égard du nazisme a été partagé par une partie de ceux qui en furent tout de suite les victimes désignées : les Juifs. Tel est le thème central d’Une mauvaise histoire juive. En 1942, les parents de Bernard Fride sont arrêtés à Nancy. Ils seront exterminés à Auschwitz. Son jeune frère est recueilli par l’UGIF locale, l’Union générale des Israélites de France, organisme de « bienfaisance » créé par le gouvernement de Vichy. La section nancéenne gérait un asile. Vingt enfants de déportés y seront arrêtés puis, à leur tour, déportés à Auschwitz, dont le jeune frère de Bernard Fride. C’est en tentant de reconstituer les circonstances du drame que Bernard Fride découvre peu à peu la distinction faite entre Juifs français et Juifs étrangers. Pour les premiers, qui se considéraient comme des Français à part entière, les seconds restaient prioritairement des étrangers. Allant plus avant dans son enquête, l’Auteur trouve des origines lointaines à cet ostracisme. Documents à l’appui, il montre que, dès 1933, des notables juifs locaux contrecarrèrent les efforts d’information des antinazis français. Pour ces notables, le régime nazi naissant mettait de « l’ordre » à l’anarchie allemande. Ainsi l’aveuglement de 1942 semble avoir été la suite logique de l’aveuglement de 1933, toujours au nom du respect de l’« ordre ». Les nazis ne s’embarrasseront pas de telles nuances. Des animateurs de l’UGIF seront, eux aussi, déportés en 1944. Quant à Bernard Fride, recueilli par une non-juive, catholique pratiquante, c’est à elle, Georgette Larchet qu’il devra la vie et à qui il dédie Une mauvaise histoire juive.',NULL),(16,1,'9782213625478','La possibilité d\'une île','Michel Houellebecq','Fayard','2005','485','ye2yDQAAQBAJ','« Roman d\'anticipation autant que de mise en garde, La possibilité d\'une île est aussi une réflexion sur la puissance de l\'amour. Vite vient l\'envie de comparer sa propre lecture à celle des autres. S\'il est des livres que l\'on a envie de garder pour soi, il n\'en est décidément rien avec ceux de Houellebecq, comme s\'ils offraient, à chaque fois, la possibilité d\'une confrontation. » Franck Nouchi, Le Monde « Ce roman vous ébranle profondément. C\'est la force visionnaire d\'un Aldous Huxley et la cruauté d\'un Evelyn Waugh. Un taureau enragé dans le magasin de porcelaine de la fiction contemporaine. » David Coward, Times Literary Supplement « Michel Houellebecq fait là du grand art tant son écriture est honnête, précise, crue et vraie. Au-delà des thèses sur la fin des religions ou le rêve d\'un Homme Nouveau, il s\'agit surtout d\'un livre sur la peur. » Volker Weidermann, Frankfurter Allgemeine Sonntagszeitung',0),(17,1,'9782070293384','Problèmes de linguistique générale (tome 1)','Émile Benveniste','Gallimard','1981','356','tw4jzQEACAAJ','',NULL),(18,1,'9782330021221','Cité de Verre','Paul Auster, Paul Karasik, David Mazzucchelli','Actes Sud BD','2013','146','n1F1Wa3dir4C','David Mazzucchelli, plus connu pour ces adaptations de Batman ou de Daredevil, rencontre ici la scène indépendante en adaptant le roman de Paul Auster. Nouvelle édition entièrement revue avec une préface d\'Art Spiegelman.',NULL),(19,1,'9782862533131','Vosges','Albert Ronsin, Bernard Houot, Alain Litaize','Bonneton','2004','319','Y59LlleHwBYC','Vosges, département pluriel qui ne se limite pas à la ligne bleue de ses forêts éponymes... De la plaine à la Montagne, la richesse des sites s\'ajoute à la splendeur des paysages et les touristes affluent par centaines de milliers dans les stations thermales, sportives ou vertes. Vosges où les coutumes perdurent, où les savoir-faire se transmettent : lutherie de Mirecourt, imagerie d\'Epinal... Vosges aux premières places pour la production de papier et d\'eau minérale... Au fil des pages, les Vosges nous révèlent bien des surprises...',NULL),(20,1,'','Nantes','Olivier Pétré-Grenouilleau','Palantines','2003','299','lA1oAAAAMAAJ','Carrefour âprement convoité, entre terre, rivières et océan, résidence des ducs de Bretagne, Nantes atteignit son apogée au XVIIIe siècle en prenant la tête du commerce colonial. De la traite au sucre, puis à la construction navale, la ville a aujourd\'hui la dimension d\'une métropole régionale qui continue à se renouveler, tant sur le plan industriel et économique avec le développement de l\'activité portuaire, que d\'un point de vue socio-culturel. Cet ouvrage important consacré à l\'histoire de Nantes, l\'un des rares à traiter l\'ensemble de l\'histoire du pays nantais depuis ses origines jusqu\'à aujourd\'hui, est doté d\'une riche iconographie, souvent inédite. Autour de l\'auteur, Olivier Pétré-Grenouilleau, professeur des universités et membre de l\'Institut universitaire de France, spécialiste du commerce triangulaire nantais, une équipe de conservateurs, d\'historiens, journalistes et écrivains, apportent un regard complémentaire sur les mille facettes de l\'histoire nantaise, au travers d\'encadrés.',NULL),(21,1,'9780550170149','Saints','Alison Jones','Bordas','1992','254','swFq6bSvr7wC','',NULL),(22,1,'9782743408176','Gustav Klimt','Susanna Partsch','Booking','1996','319','DjPFDAEACAAJ','',NULL),(23,1,'9782370730541','L\'Arabe Du Futur  3 (1987-1992)','Riad Sattouf','Allary Éditions','2014','150','MtJXuwEACAAJ','Né d\'un père syrien et d\'une mère bretonne, Riad Sattouf raconte dans L\'Arabe du futur sa jeunesse au Moyen-Orient. Dans le premier tome (1978-1984) le petit Riad était balloté entre la Libye, la Bretagne et la Syrie. Dans ce second tome, qui couvre la première année d\'école en Syrie (1984-1985), il apprend à lire et écrire l\'arabe, découvre la famille de son père et, malgré ses cheveux blonds et deux semaines de vacances en France avec sa mère, fait tout pour devenir un vrai petit syrien et plaire à son père. La vie paysanne et la rudesse de l\'école à Ter Maaleh, les courses au marché noir à Homs, les dîners chez le cousin général mégalomane proche du régime, les balades assoiffées dans la cité antique de Palmyre : ce tome 2 nous plonge dans le quotidien hallucinant de la famille Sattouf sous la dictature d\'Hafez Al-Assad.',NULL),(24,1,'','L\'Arabe Du Futur  2 (1984 - 1985)','Riad Sattouf','Allary','2015','158','KRelAQAACAAJ','',NULL),(25,1,'9782234083196','Les huit montagnes','Paolo Cognetti','Stock','2017','298','8wAtDwAAQBAJ','« Quel que soit notre destin, il habite les montagnes au-dessus de nos têtes. »<br><br>Pietro est un garçon de la ville, Bruno un enfant des montagnes. Ils ont 11 ans et tout les sépare. Dès leur rencontre à Grana, au coeur du val d’Aoste, Bruno initie Pietro aux secrets de la montagne. Ensemble, ils parcourent alpages, forêts et glaciers, puisant dans cette nature sauvage les prémices de leur amitié.<br>Vingt ans plus tard, c’est dans ces mêmes montagnes et auprès de ce même ami que Pietro tentera de se réconcilier avec son passé – et son avenir.<br>Dans une langue pure et poétique, Paolo Cognetti mêle l’intime à l’universel et signe un grand roman d’apprentissage et de filiation.<br><br>Traduit de l’italien par Anita Rochedy',NULL),(26,1,'','Histoire du mouvement ouvrier français (tome 2)','Jean Bron','Ed. Ouvrières','1973','325','0k1ptQEACAAJ','',NULL),(27,1,'','Comment on écrit l\'histoire suivi de Foucault révolutionne l\'histoire','Paul Veyne','Ed. du Seuil','1978','242','g2pixgEACAAJ','',NULL),(28,1,'','Ecrits sur l\'histoire','Fernand Braudel','Flammarion','1990','314','-cffuQEACAAJ','',NULL),(29,1,'9782757843765','Douze Leçons sur l\'histoire','Antoine Prost','Le Seuil','2014','385','BUBsAwAAQBAJ','<p>Tout ce qu\'il faut savoir sur l\'histoire et le métier d\'historien.En douze chapitres, qui proviennent d\'un cours donné à la Sorbonne, Antoine Prost démonte clairement les étapes de la méthode historique, tout en replaçant l\'histoire et l\'historien dans la société contemporaine et dans sa profession. Cet ouvrage est à la fois un traité d\'initiation au travil de réflexion, nourri par d\'amples lectures, et une pensée originale.<br><br> <i></i><br><br> <i>Cette nouvelle édition est augmentée de deux articles complémentaires.</i><br><br></p>',10),(30,1,'9782070306787','L\'homme sans gravité','Charles Melman, Jean-Pierre Lebrun','Ed. Denoël','2005','269','BIf3AQAACAAJ','Rejet du \'réel\' au profit du \'virtuel\', banalisation de la violence, perte de légitimité des figures de l\'autorité, montée des diverses toxicomanies, autres attitudes face à la procréation comme face à la mort, nouvelles formes de libertinage, difficultés d\'une jeunesse sans perspectives, multiplication spectaculaire des états dépressifs... Il s\'opère une évolution radicale des comportements des individus et de la vie en société, laquelle suscite en retour le désarroi des humains, à commencer par ceux qui font profession d\'éduquer, de soigner ou de gouverner leurs semblables. Cette mutation à la fois de la subjectivité et de l\'existence collective, Charles Melman l\'appelle \'la nouvelle économie psychique\'. Le moteur n\'en est plus le désir mais la jouissance. L\'homme du début du XXIe siècle est sans boussole, sans lest, affranchi du refoulement, moins citoyen que consommateur, un \'homme sans gravité\', produit d\'une société libérale triomphante et qui semble n\'avoir plus le choix - il est en quelques sorte sommé de jouir.',NULL),(31,1,'9780061807213','The Forgotten Man','Amity Shlaes','Steinkis','2009','316','N9TiWUk6TqUC','<p>In The Forgotten Man, Amity Shlaes, one of the nation\'s most-respected economic commentators, offers a striking reinterpretation of the Great Depression. She traces the mounting agony of the New Dealers and the moving stories of individual citizens who through their brave perseverance helped establish the steadfast character we recognize as American today.</p>',NULL),(32,1,'9782800156880','Les autres gens #1','Thomas Cadène','Dupuis','2013','220','VSWsmgEACAAJ','Dans le grand théâtre des Autres Gens, il y a ceux qui vont, qui viennent, qui déménagent, qui disparaissent ou qui font leur grand retour, ceux qui errent d\'amour en amour, ceux qui se battent et ceux qui tirent les ficelles (ou croient les tirer). Mais chacun, dans cette immense tragicomédie, a son rôle à jouer... On retrouve bien sûr le détestable Louis Hoffman, toujours aussi obsédé par le contrôle qu\'il espère pouvoir exercer sur tous ceux qui croisent sa route, ainsi que Mathilde, Faustine, Kader, Camille, Emmanuel et tous les protagonistes de cette bédénovela, entrecoupée de 6 hilarants \"contes de Noël\". Le Noël 2003 de Camille par Boulet, le Noël 1991 de Mathilde par Lommsek, le Noël 1985 de Louis par Terreur Graphique, le Noël 1980 de Henri par Pochep, le Noël 2005 de Emmanuel par Marion Montaigne, le Noël 2006 de Stéphane par AK. Addictif, touchant, drôle, romantique, sensuel, on ne peut épuiser les qualificatifs pour évoquer les Autres Gens, la bande dessinée qui a su réinventer la comédie romantique et qui fonctionne aussi bien sur Internet qu\'en librairie.',NULL),(33,1,'9782856202111','Dictionnaire des noms de rues','Bernard Stéphane','Éditions Mengès','1984','786','VXYnAQAAMAAJ','',50),(34,1,'9782203176348','Nick Cave. Mercy on me','Reinhard Kleist','Casterman','2018','338','ATBmDwAAQBAJ','Australie, années 70, le jeune Nicolas se rêve en rock star et commence à se produire sur les scènes locales. D’une famille très religieuse, il conserve un sens du sacré qui pimente ses textes, mais se revendique plus du blues et du rock US, notamment de Johnny Cash. Menée tambour battant, cette incursion dans la vie de Nick Cave convoque les personnages de ses chansons en parallèle de la vie réelle du chanteur, dans un va et vient fascinant, tant son vécu – et ses histoires d’amour en particulier – ont inspiré son écriture. Le rocker se révèle un homme en plein malaise, avec ses contradictions, ses pulsions destructrices, ses délires... Mais qui a toujours su les apprivoiser pour en nourrir son œuvre.',NULL),(35,1,'9782370730947','L\'Arabe du futur 1 (1978-1984)','Riad Sattouf','Allary Éditions','2014','158','XRvOugEACAAJ','Un roman graphique où Riad Sattouf raconte sa jeunesse dans la Libye de Kadhafi et la Syrie d\'Hafez al-Assad. Né en 1978 d\'un père syrien et d\'une mère bretonne, Riad Sattouf grandit d\'abord à Tripoli, en Libye, où son père vient d\'être nommé professeur. Issu d\'un milieu pauvre, féru de politique et obsédé par le panarabisme, Abdel-Razak Sattouf élève son fils Riad dans le culte des grands dictateurs arabes, symboles de modernité et de puissance virile. En 1984, la famille déménage en Syrie et rejoint le berceau des Sattouf, un petit village près de Homs. Malmené par ses cousins (il est blond, cela n\'aide pas..), le jeune Riad découvre la rudesse de la vie paysanne traditionnelle. Son père, lui, n\'a qu\'une idée en tête : que son fils Riad aille à l\'école syrienne et devienne un Arabe moderne et éduqué, un Arabe du futur.L\'Arabe du futur sera publié en trois volumes. Ce premier tome couvre la période 1978-1984.',NULL),(36,1,'9782021336306','Histoire mondiale de la France','Patrick Boucheron','Le Seuil','2017','800','ZbPXDQAAQBAJ','<p>\" Ce ne serait pas trop de l\'histoire du monde pour expliquer la France \"<br><br> Jules Michelet, <i>Introduction à l\'histoire universelle </i>(1831)<br><br> <br><br> Voici une histoire de France, de toute la France, en très longue durée qui mène de la grotte Chauvet aux événements de 2015.<br><br> Une histoire qui ne s\'embarrasse pas plus de la question des origines que de celle de l\'identité, mais prend au large le destin d\'un pays qui n\'existe pas séparément du monde, même si parfois il prétend l\'incarner tout entier. Une histoire qui n\'abandonne pas pour autant la chronologie ni le plaisir du récit, puisque c\'est par dates qu\'elle s\'organise et que chaque date est traitée comme une petite intrigue.<br><br> Réconciliant démarche critique et narration entraînante, l\'ouvrage réunit, sous la direction de Patrick Boucheron, un collectif d\'historiennes et d\'historiens, tous attachés à rendre accessible un discours engagé et savant. Son enjeu est clair : il s\'agit de prendre la mesure d\'une histoire <i>mondiale</i> de la France, c\'est-à-dire de raconter la même histoire – nul contre-récit ici – qui revisite tous les lieux de mémoire du récit national, mais pour la déplacer, la dépayser et l\'élargir. En un mot : la rendre simplement plus intéressante !<br><br> Ce livre est joyeusement polyphonique. Espérons qu\'un peu de cette joie saura faire front aux passions tristes du moment.<br><br> <br><br> Directeur d\'ouvrage : Patrick Boucheron est professeur au Collège de France.<br><br> Coordination : Nicolas Delalande est professeur associé au Centre d\'histoire de Sciences Po ; Florian Mazel est professeur à l\'université Rennes 2 ; Yann Potin est chargé d\'études documentaires aux Archives nationales ; Pierre Singaravélou est professeur à l\'université Paris I Panthéon-Sorbonne.<br><br></p>',NULL),(37,1,'9782226431875','Il faut dire que les temps ont changé...','Daniel Cohen','Albin Michel','2018','224','KCdmDwAAQBAJ','Nous sommes en train de comprendre ce qui s\'est passé depuis cinquante ans. <br>L\'hystérie du monde du travail, la grande protestation des peuples, l\'enfermement des nouvelles générations dans une espèce de présent perpétuel, sont les conséquences de l\'effondrement d\'une civilisation: celle de la société industrielle. <br>L\'une après l\'autre, les utopies de gauche et de droite se sont fracassées sur une réalité qu\'il est désormais possible de désigner par son nom : la société digitale. Elle nous transforme en une série d\'informations qu\'un logiciel peut traiter à partir de n\'importe quel point du globe. <br>Une immense frayeur traverse la société. Le travail à la chaine d\'hier a-t-il laissé la place à la dictature des algorithmes? Les réseaux sociaux sont-ils le moyen d\'un nouveau formatage des esprits? Par un formidable retour en arrière, les questions de l\'ancien monde sont en train de resurgir au coeur du nouveau. Les temps changent, mais vont-ils dans la bonne direction? <br>Ce livre iconoclaste permet de comprendre le désarroi dont le populisme est l\'expression. Il décrypte d\'une façon lumineuse des événements dont le sens nous échappe parfois, tout en ayant l\'ambition de veiller à la défense des valeurs humanistes au nom desquelles le nouveau monde a, aussi, été créé.',NULL),(38,1,'9782012358614','Retour au collège','Riad Sattouf','Hachette Littératures','2005','95','yGUfPQAACAAJ','Inspiré par sa propre expérience de quinze jours dans un des meilleurs collèges de France à Paris, l\'auteur met en scène des adolescents des beaux quartiers qui sont loin d\'être sages. Ils regardent des films pornographiques sur des mini-écrans LCD pendant les cours, font des blagues racistes et, se sentant intouchables, multiplient les bêtises.',NULL),(39,1,'9782012601659','Tolkien','David Day','Octopus','2002','279','-GbCPAAACAAJ','Un guide indispensable pour trouver ses repères dans la cosmologie de Tolkien. 500 entrées alphabétiques abordent les cinq aspects fondamentaux de son œuvre : histoire, géographie, sociologie, histoire naturelle et personnages. Des cartes, des arbres généalogiques, des tableaux chronologiques, illustrés de superbes dessins originaux, permettent de resituer facilement événements et personnages. D\'une grande richesse mais d\'une lecture aisée, \" Tolkien, l\'encyclopédie illustrée \" deviendra vite le compagnon indispensable de tous les passionnés de Tolkien : lecteur débutant abordant \" le Seigneur des anneaux \" ou spécialiste de son œuvre.',NULL),(40,1,'9782228272216','La philosophie du catharisme','René Nelli','Payot','1978','201','FHkFAQAACAAJ','',NULL),(41,1,'','Introduction à une véritable histoire du cinéma, tome 1','Jean-Luc Godard','Albatros','1980','327','jSYhzQEACAAJ','',NULL),(42,1,'9782711201181','Economix','Michael Goodwin','Editions Les Arènes','2019','354','NQaYxAEACAAJ','',NULL),(43,1,'9782021006926','Tigre en papier','Olivier Rolin','Le Seuil','2009','268','hbmOKQcqzzMC','<p>C\'est l\'histoire d\'un type qui raconte à la fille de son meilleur ami, mort depuis longtemps, ce que fut leur jeunesse à l\'époque presque fabuleuse - la fin des années 60 - où l\'on croyait dur comme fer à la Révolution.<br><br> Internet n\'existait pas, ni le TGV ni les portables ni le câble ni les walkman ni les répondeurs. Les pavillons de Baltard ouvraient encore leurs parapluies au-dessus du ventre de Paris, la télé était en noir et blanc, le président Pompe allait succéder à de Gaulle. Au Vietnam la \"guerre du peuple\" défaisait la puissance américaine, les impérialistes étaient des tigres en papier, la Chine était rouge pour l\'éternité, le Che plus grand mort que vivant. L\'Internationale serait le genre humain. C\'était dans la nuit des temps...<br><br> Voici donc la vie très horrificque de Martin et de son ami Treize, et du reste de la bande, Fichaoui-dit-Julot, Reureu l\'Hirsute, Momo-Mange-serrures, Judith et Chloé, Roger le Belge, tous les autres, les saints et les balances, les castagneurs et les pleutres, les rebelles et les fayots, avec leurs faits et prouesses épouvantables... Il y a dans cette histoire du grotesque mais aussi de la poésie brute, la bêtise y côtoie beaucoup de romantisme, on peut appeler ça comme ça.<br><br> La scène, le récit, se passe la nuit, dans une voiture qui tourne inlassablement sur les périphs, comme une navette spatiale satellisée autour de Paris. Moteur !<br><br> O.R.<br><br></p>',NULL),(44,1,'','Le XVIII siècle','Roland Mousnier, Camille Ernest Labrousse, Marc Bouloiseau','Presses Universitaires de France','1955','573','h0lNxwEACAAJ','',NULL),(45,1,'9782913366459','L\'homme-joie','Christian Bobin','L\'Iconoclaste','2012','180','EFalMQEACAAJ','Christian Bobin renoue avec la fibre narrative de ses grands livres?: Le Tres-Bas, Prisonnier au berceau, et construit celui-ci en quinze recits?: des portraits d\'etres aimes (son pere), des rencontres (Maria l\'enfant gitane, une mendiante) des figures emblematiques (Soulages, Glenn Gould, Matisse, Pascal), des visions (une branche de mimosa, une cathedrale) et une longue lettre a la femme aimee et perdue, ?la plus que vive? . Entre ces recits, viennent des paragraphes courts, parfois ecrits a la main, condenses sur une pensee, fulgurants de profondeur et d\'humanite. Un meme fil rouge unifie tous ces textes, c\'est la voix de Bobin, a nulle autre pareille et son regard de poete qui transfigure le quotidien.',15),(46,1,'9782203399273','Le cri du peuple: Les canons du 18 mars','Jacques Tardi, Jean Vautrin','Casterman','2001','80','Ti_sPAAACAAJ','Le dessinateur laisse libre cours à son amour de la capitale, sa tendresse pour le petit peuple et son respect des grandes figures populaires comme Louise Michel ou l\'écrivain Jules Vallès. Sans oublier son côté \'anar\', rebelle à l\'autorité, qu\'il partage avec les soldats perdus de la Commune. Le format horizontal, \'à l\'italienne\', n\'a pas été choisi par hasard ; il permettra à Tardi, au fur et à mesure de l\'avancement du récit, de raconter les combats de rues de la sinistre \'Semaine sanglante\', sous forme de double-pages spectaculaires. Mais assez de commentaire, et place à l\'action ; déjà, le grondement de colère du peuple parisien se fait entendre, en ce matin du 18 mars...',NULL),(47,1,'','Paris des écrivains','Laure Murat','Editions du Chêne','1996','199','eq1GzQEACAAJ','',22),(48,1,'9782351030073','Chez les cannibales','Rodolphe Festetics de Tolna, Julia Ferloni','Conti','2007','95','hpkRGgAACAAJ','Octobre 1893, le comte Festetics de Tolna embarque avec sa jeune épouse à destination du Pacifique à la rencontre d\'un océan que l\'Europe n\'a réellement découvert qu\'un siècle plus tôt, et dont il reste encore tant à explorer. Commence alors un voyage de huit années sur des eaux dangereuses, parsemées d\'écueils et de barrières de corail sur lesquels le yacht de l\'aristocrate autrichien finit par s\'éventrer. Huit années de pérégrinations au contact de peuples pour certains encore \"sauvages\" et pratiquant le cannibalisme. Huit années de témoignage d\'un monde en train de basculer, irrémédiablement touché par la civilisation occidentale. Le comte Festetics de Tolna nous livre le récit de son fascinant périple dans l\'Océanie mystérieuse et envoûtante, entre traditions ancestrales et administrations coloniales.',NULL),(49,1,'9782040208899','Atlas Bordas géographique et historique','Pierre Serryn, René Blasselle','Bordas','1994','168','bi4EHAAACAAJ','Géologie / géographie / politique / climat / végétation / énergie / matières premières / démographie / nutrition / industrie / transports / économie / agriculture / histoire mondiale.',NULL),(50,1,'9783936646245','Daniel Spoerri','Daniel Spoerri, Thomas Levy','Kerber','2003','151','NMRPAAAAMAAJ','With coincidence as his friend, Romanian-born artist Daniel Spoerri has spent the last half century collecting, trapping, arranging and otherwise freezing in place a vast array of common and uncommon objects. His assemblages, montages and collages tell stories, picture stories made up of objects taken from a magical life. A pioneer in the Nouveau Realisme and Fluxus movements (and author of the classic Fluxus text An Anecdoted Topography of Chance), Spoerri is an assemblage master.',NULL),(51,1,'9780870707537','In & Out of Amsterdam','Christophe Cherix, Rini Dippel','The Museum of Modern Art','2009','170','Zckco--7RtUC','During the 1960s and 70s, Amsterdam was a nexus of intense art activities, drawing artists from all over the world, including Stanley Brouwn, Gilbert & George, Sol LeWitt, Charlotte Posenenske, Allen Ruppersberg and Lawrence Weiner. Reciprocally, some of the most influential Dutch artists traveled abroad extensively before establishing themselves in Amsterdam: Jan Dibbets studied in London, while Ger van Elk and Bas Jan Ader trained in Los Angeles. As a result of this new mobility, a dynamic cross-pollination of ideas and influences took place between artists of different nationalities, and many produced works directly related to the notion of travel and the city that fostered them. <i>In & Out of Amsterdam</i> presents more than 120 works--including works on paper, installations, photographs and films--by artists who were part of this remarkable creative culture. Essays, accompanied by lively illustrations and documentary photographs, illuminate the significance of these works as well as the unprecedented role that prints, bulletins, posters, mail art, artists\' books and ephemera played in the artists\' discourse. A brief essay or interview introduces each artist, and an extensive chronology, bibliography and illustrated checklist round out this unique volume.',25),(52,1,'','Les inrockuptibles 10 ans, l\'album','','Editions Indépendantes','1996','290','IpcnAQAAIAAJ','',NULL),(53,1,'9782742773275','Les Boubat de Boubat','Edouard Boubat','Belfond','1989','144','PaTGNwAACAAJ','Les images de Boubat ont la mélancolie des voyages au long cours. Elles disent comment sont les choses de la vie - un sourire d\'enfant, une chevelure de femme...',20),(54,1,'9782732426051','Les enfants de l\'exode','Sebastião Salgado','La Martinière','2000','111','ROscAAAACAAJ','Partout où la misère s\'affiche, des ribambelles d\'enfants pleurent, rient, jouent, font encore des bêtises. C\'est pour capter leurs visages en détresse, leur souffrance sans mots ou ce qui leur reste d\'innocence que Salgado présente ces 80 portraits bouleversants animés par l\'énergie d\'un regard unique.',NULL),(55,1,'','Leçons de photographie théoriques et pratiques','Alphonse Henri Cuisinier','P. Montel','1967','303','hpR2wgEACAAJ','',15),(56,1,'9782253168218','La Photographie','Edouard Boubat','Le Livre de Poche','2014','224','Xdy1BQAAQBAJ','<p>A l\'encontre de la plupart des manuels d\'initiation à la photographie, le livre d\'Edouard Boubat n\'offre pas seulement un exposé clair et méthodique des procédés et des techniques, il est aussi la profession de foi d\'un grand artiste, une manière sensible de traduire en un langage précis et familier l\'amour des images parfaites.<br>Les principes premiers de la photographie, le fonctionnement et le choix d\'un appareil, le choix des films, la prise de vue et en particulier l\'art du portrait, du reportage, du paysage, le développement des films et des photos, l\'équipement d\'un laboratoire, tels sont les principaux points qu\'aborde l\'auteur, en les illustrant de ses propres oeuvres et en les mettant, avec la simplicité du talent, à la portée de tous.</p><p> </p>',NULL),(57,1,'9782351790199','Retour à Nantes','Daniel Quesney','Les Beaux jours','2008','215','NmUMAQAAMAAJ','',NULL),(58,1,'','Le Révolution anarchiste','André Nataf','A. Balland','1968','228','vK_aAAAAMAAJ','',NULL),(59,1,'9782351360170','Sur la route d\'après Jack Kerouac','','Trois couleurs','','238','new','',NULL),(60,1,'9781724052322','La Bible illustrée','Gustave Doré','Edtions de la Fontaine au Roy','1994','511','qKrIygEACAAJ','Les hordes de cette nation, à l\'époque de la sixième croisade, avaient fait une invasion dans plusieurs contrées de l\'Asie, et les progrès de leurs armes eurent une grande influence sur la politique des puissances musulmanes de la Syrie et de l\'Egypte, qui étaient alors en guerre avec les chrétiens. Au temps dont nous parlons, le bruit de leurs victoires ébranlait tout l\'Orient, et répandait l\'effroi jusque dans les contrées les plus reculées de l\'Europe. Les Tartares habitaient les vastes régions qui s\'étendent entre l\'ancien Empire Mogole Imaûs, la Sibérie, la Chine et la mer de Kamtchatka. Ils étaient divisés en plusieurs nations, qui toutes se vantaient d\'avoir la même origine ; chacune de ces nations, gouvernée par un kan ou chef suprême, se composait d\'un grand nombre de tribus, conduites elles-mêmes par un chef particulier appelé myrza. Les produits de la chasse, le lait de leurs juments, la chair de leurs troupeaux, suffisaient à tous les besoins des Tartares. Ils vivaient sous la tente avec leurs familles ; des habitations mobiles, traînées par des boeufs, transportaient d\'un lieu à un autre leurs femmes, leurs enfants, tout ce qu\'ils avaient de plus précieux. Bans l\'été, toute la tribu se rapprochait des contrées septentrionales, et campait sur les bords d\'un lac ou d\'un fleuve ; en hiver, ils dirigeaient leurs courses vers le midi, et cherchaient l\'abri des montagnes, qui les défendaient des vents glacés du nord.Les chefs des hordes tartares se réunissaient chaque année en automne ou au printemps. Bans ces réunions, qu\'on appelait « couraltaï, » ils délibéraient à cheval sur la marche des tribus, sur la distribution des pâturages, sur la paix et la guerre. C\'est dans ces assemblées tumultueuses que se formait la législation des peuples de la Tartarie, législation simple et laconique comme toutes celles des barbares, et qui n\'avait guère d\'autre but que de maintenir la puissance des chefs, d\'entretenir la discipline et l\'émulation parmi les guerriers.',50),(61,1,'9788873015505','Luigi Comencini','Jean A. Gili','Edilig','1981','126','6g2ngPYCXwgC','Retrace, film après film, les cinquante années de carrière du réalisateur lombard, qui aborda notamment le néoréalisme à ses débuts, la comédie, la création dramatique. Le thème du monde de l\'enfance constitue peut-être le fil rouge du parcours artistique du réalisateur. Chaque film est détaillé et révèle au lecteur les idées de départ, les phases de tournage et l\'accueil critique',NULL),(62,1,'9782914554107','Remiremont Belle époque 1895 - 1914','Jean Chaumont','Entre temps','2001','159','new','',NULL),(63,1,'9782847892895','Trois éclats blancs','Bruno Le Floc\'h','Delcourt','2005','94','new','',NULL),(64,1,'9782858153978','Jean-Claude Tergal (enfance)','Tronchet','Fluide glacial ','2012','199','-D-XPAAACAAJ','',NULL),(66,1,'9782413008750','L\'Homme gribouillé','Serge Lehman, Frederik Peeters','Delcourt','2018','328','sQRGDwAAQBAJ','Dans un Paris suffoqué par les pluies diluviennes, une mère et sa fille se lancent sur la piste d\'un extraordinaire secret de famille... Serge Lehman et Frederik Peeters au sommet de leur art. À 40 ans passés, Betty Couvreur vit dans l\'ombre de sa mère Maud, auteur de livres pour enfants. Pourtant, depuis des années, Maud subit l\'emprise d\'un terrifiant maître-chanteur, Max Corbeau. Betty l\'apprend et se retrouve projetée dans une quête des origines en compagnie de sa propre fille, Clara. Voyage initiatique au pays des monstres et des merveilles avec au bout, peut-être, un secret venu du fond des âges.',NULL),(67,1,'9782369900009','Mon ami Dahmer','Derf Backderf','Cà et là','2013','224','vLG4AgAAQBAJ','Derf Backderf a passé son enfance à Richfield, petite ville de l’Ohio située non loin de Cleveland. En 1972, il entre au collège, où il fait la connaissance de Jeffrey Dahmer, un enfant solitaire au comportement un peu étrange. Les deux ados se lient d’amitié et font leur scolarité ensemble jusqu’à la fin du lycée. Jeffrey Dahmer deviendra par la suite l’un des pires serial killers de l’histoire des États-Unis. Son premier crime a lieu à l’été 1978, tout juste deux mois après la fin de leur année de terminale. Il sera suivi d’une série de seize meurtres commis entre 1987 et 1991. Arrêté en 1991, puis condamné à 957 ans de prison, Dahmer finira assassiné dans sa cellule en 1994. Mon Ami Dahmer est donc l’histoire de la jeunesse de ce tueur, à travers les yeux de l’un de ses camarades de classe. Précis et très documenté, le récit de Derf Backderf (journaliste de formation) décrit la personnalité décalée de Dahmer qui amuse les autres ados de cette banlieue déshumanisée typique de l’Amérique des années 1970. Dahmer enfant vit dans un monde à part, ses parent le délaissent, il est submergé par des pulsions morbides, fasciné par les animaux morts et mortifié par son attirance pour les hommes. Personnage fascinant, voire attachant car presque victime de son environnement, Dahmer vit une implacable descente aux enfers vers une folie irréversible.',NULL),(68,1,'9782363390868','Pourquoi les oiseaux meurent','Victor POUCHET','Finitude','2017','192','GTc7DwAAQBAJ','Il est tombé des oiseaux en Haute-Normandie. Il a plu des oiseaux et manifestement tout le monde s\'en fiche. À peine quelques entrefilets dans la presse locale. Seul un jeune Parisien, histoire d\'échapper à sa thèse, se passionne pour le phénomène. D\'autant que c\'est arrivé dans le village où il a grandi. Il fouille, il cherche, il enquête. Les pistes se multiplient, toutes plus inattendues et extravagantes les unes que les autres. Il descend la Seine à bord d\'un bateau de croisière, tombe amoureux, se découvre des alliés, des ennemis, s\'invente une famille et tente de mettre un peu d\'ordre dans ses notes et dans sa vie. Victor Pouchet signe un premier roman malicieux, il propose un river-trip normand comme d\'autres un road-trip californien. Victor Pouchet est né à Paris en 1985. Agrégé de lettre moderne, il est professeur en classes prépa. Il publie de temps en temps des critiques dans le Magazine littéraire. Pourquoi les oiseaux meurent est son premier roman.',NULL),(69,1,'9782330000936','Le Turquetto','Metin Arditi','Actes Sud Littérature','2011','285','3VdIf6OL8AgC','Se pourrait-il qu\'un tableau célèbre – dont la signature présente une discrète anomalie – soit l\'unique oeuvre qui nous reste d\'un des plus grands peintres de la Renaissance vénitienne ? Un égal du Titien ou du Véronèse ? Né à Constantinople en 1519, Elie Soriano a émigré très jeune à Venise, masqué son identité, troqué son nom pour celui d\'Elias Troyanos, fréquenté les ateliers du Titien, et fait une carrière exceptionnelle sous le nom de Turquetto : le \"Petit Turc\", comme l\'a surnommé Le Titien lui-même. Metin Arditi retrace le destin mouvementé de cet artiste, né juif en terre musulmane, nourri de foi chrétienne, qui fut traîné en justice pour hérésie...',NULL),(70,1,'9791036903045','Marchands de participes','Yves Sandre','Le Seuil','1962','282','_XaJDwAAQBAJ','Ce second volet de “Marchands de participes” — roman de “la condition de l’instituteur” — embrasse la période 1880-1910. La geste des Ranson continue avec Joseph qui, à l’encontre de son père, le pieux Jean-Baptiste, a pris le parti de la nouvelle Instruction publique — laquelle ira en se laïcisant. Elle se prolonge avec Marie, l’aînée des quatre enfants de Joseph, déjà fortement marquée — signe des temps — par “la morale laïque”. Elle aussi deviendra institutrice, mais non sans sacrifier son bonheur personnel à une haute idée du devoir qui fait d’elle, exemplairement : “Marie des autres”.',NULL),(71,1,'','Théâtre comique du Moyen-Age','Claude-Alain Chevallier','Union générale d\'éditions','1973','320','Q6NcAAAAMAAJ','',NULL),(72,1,'','Tom Sawyer à travers le monde','Mark Twain','Albin Michel','1924','256','new','',NULL),(74,1,'9782209064519','1920, le Congrès de Tours','Jacques Girault','Messidor/Editions sociales','1990','188','hgYmAAAAMAAJ','',NULL),(76,1,'9782212020397','Impliquez-vous !','Christophe Chenebault, Pierre Rabhi','Editions Eyrolles','2011','232','-VrwaXs493QC','<p> \"À mon niveau, qu\'est-ce que je peux faire ?\" C\'est à cette question, restée souvent sans réponse, qu\'est dédié cet ouvrage. Car il ne tient qu\'à nous de faire exister dès aujourd\'hui - pour soi, pour nos enfants, pour les générations futures - un monde que nous désirons tous, plus coopératif et plus humaniste. Chacun d\'entre nous peut faire une véritable différence autour de soi... et pour cela chaque action individuelle compte !</p> <p> Avec 101 actions solidaires et écologiques, positives et concrètes, ce livre nous invite dès maintenant à agir.</p> <p> Parce que le monde ne changera pas sans vous, parce que chaque goutte d\'eau est importante, parce que faire du bien permet aussi de se sentir bien, parce que \"Il n\'est jamais trop tard pour agir\" comme le précise Pierre Rabhi dans sa préface, alors... impliquez-vous !</p>',NULL),(77,1,'9791020905994','L\'imposture Macron','Jean-Marie Harribey, Pierre Khalfa, Aurélie Trouvé','Éditions Les Liens qui libèrent','2018','186','viVNtgEACAAJ','',NULL),(78,1,'9782915623437','La manufacture des tabacs (Morlaix - Quatre siècles d\'histoire)','Anne Guillou','Skol Vreizh','2009','149','new','',NULL),(79,1,'','L\'album Libération 1973 1993','','Libération','1993','258','new','',NULL),(80,1,'','L\'Humanité 1904-2004 Le numéro du centenaire','','L\'Humanité','2004','192','new','',NULL),(81,1,'9782844142979','Josette de rechange','Charlie Schlingo','L\'Association','2009','48','new','',NULL),(82,1,'9782359650044','Pour la route','Alain Frey','Les petites vagues','2009','83','new','',NULL),(83,1,'9782749304359','Le grand Duduche (intégrale)','Cabu','Vents d\'Ouest','2015','640','new','',55),(84,1,'2906635259','Le musée départemental Breton','','','2007','95','new','',NULL),(88,1,'9782226078179','Le parfum de l\'invisible','Milo Manara','L\'Echo des savanes/Albin Michel','1998','112','3Q5PPAAACAAJ','Qui n\'a jamais rêvé d\'être invisible ? Devenir invisible, c\'est pouvoir tout faire, tout voir, sans jamais être vu. Et quand Manara, le sulfureux créateur du \" Déclic \" s\'en mêle, tout s\'emmêle...',NULL),(90,1,'9782842304249','Hara Kiri - Jusqu\'à l\'os','Cavanna','Hoëbeke','2011','189','new','',NULL),(91,1,'','Lapinot - Vacances de printemps - Blacktown - L\'accélérateur atomique - Amour et Intérim','Lewis Trondheim','Poisson pilote','2007','192','new','',NULL),(92,1,'','Les jolis pieds de Florence - No Sex in New York','Riad Sattouf','Poisson pilote','2003','96','new','',NULL),(93,1,'','Monsieur Jean - Le combat ordinaire - Les aventure oubliées du Baron de Munchhausen','Anonimo','','','158','new','',NULL),(94,1,'','Histoires de Bretagne - Les chasseurs d\'écume - Fanch Karadek - Les Maîtres-Saintiers - Nahik','Anonimo','','','248','new','',NULL),(95,1,'9782017004615','Un amour de chien - Charlie Brown vive moi','Charles M. Schulz','Dargaud','2017','96','u1YNDgAAQBAJ','Tout le monde m’admire ! En même temps, je suis un être exceptionnel ! Vous connaissez beaucoup de chiens qui écrivent des romans et des lettres d’amour ? Aujourd’hui, je réponds au courrier de mes admiratrices, et autant dire que j’ai beaucoup de travail ! Après tout ça, j’aurai bien mérité une bonne pâtée, non ?',NULL),(96,1,'','Casiers Judiciaires  - L\'enfer des concerts - Le guide du jeune père - L\'escadrille fantôme - Rat\'s - Desproges en BD - Tergal présente ses pires amis','Anonimo','','','336','new','',70),(97,1,'','le visage du christ','Pierre Mornand','Bibliothèque Française des Arts','1938','115','new','',NULL),(98,1,'','L\'oeil et l\'appareil - La collection photographique de l\'Albertina','Monika Faber, Klaus Schröder','Le Seuil','2003','281','new','',NULL),(99,1,'','Histoire de la peinture - 1','Raymond Cogniat','F. Nathan','1954','328','xhIYbXyndwsC','',NULL),(100,1,'','Histoire de la peinture - 2','Raymond Cogniat','F. Nathan','1954','328','xhIYbXyndwsC','',NULL),(101,1,'','Ecole de Paris','Carluccio, Leymarie, Negri, Russoli, Brunhammer','Rive Gauche, productions','1981','340','new','',NULL),(102,1,'9782080117434','Gustave Moreau - Aquarelles','Pierre-Louis Mathieu','Flammarion','1994','115','tTU3AQAAIAAJ','',NULL),(103,1,'9782851995285','François Truffaut','Dominique Auzel','H. Veyrier','1990','270','TqQqAAAAYAAJ','',NULL),(104,1,'9780714899794','Le jeu du visage','Max Kozloff','Phaidon','2008','335','OisnNAAACAAJ','',NULL),(105,1,'','Pompei, il y a 2000 ans','Alberto Carpiceci','Bonechi Edizioni','1977','111','new','',NULL),(106,1,'','Les grandes cathédrales','David Mountfield','Editions Minerva','1982','96','new','',NULL),(107,1,'','Mémoire des hommes - Inscriptions sur la pierre et le métal','Christian Millet','Ulamir','2010','207','new','',NULL),(108,1,'9780500294642','La Vision de Gauguin','Belinda Thomson','Editions Palantines','2006','143','uwcXxAEACAAJ','Paul Gauguin achieved a high public profile during his lifetime, and was one of the first artists of his generation to achieve international recognition. But his prominence has always had as much to do with the dramatic events of his life - his self-imposed exile on a remote South Sea island, his turbulent relationships with his peers - as with the appeal of his art. Belinda Thomson gives a comprehensive and accessible account of the life and work of one of the most original artists of the late 19th century. Gauguin\'s work - painting, sculpture, prints and ceramics - is discussed in the light of his public persona, his relations with his contemporaries, his exhibitions and their critical reception. Belinda Thomson reveals Gauguin\'s private world, beliefs and aspirations through his extensive cache of journals, letters and other writings. Fully updated throughout, drawing on the insights of thirty years of scholarship since its first edition, Thomson\'s text remains the best introduction of this controversial and often contradictory artist.',NULL),(109,1,'9783836559928','Caravage','Gilles Lambert','Menges','1998','139','aRQ3jgEACAAJ','<p>Michelangelo Merisi da Caravaggio (1571-1610) n\'a jamais laissé indifférent sa vie durant. Mauvais garçon du baroque italien, il était célébré autant que contesté de tempérament explosif, c\'était un artiste révolutionnaire.</p><p>Bien que réputé pour son utilisation spectaculaire de la couleur, de la lumière et de l\'ombre, c\'est avant tout le naturalisme vigoureusement novateur et les incroyables inventions picturales du Caravage qui gravèrent son nom dans les annales de l\'histoire de l\'art. Le Caravage fait s\'épanouir jusqu\'aux scènes bibliques avec une humanité fascinante, souvent viscérale. Cet univers pictural à l\'expressivité bouillonnante accompagne une biographie personnelle tout aussi tumultueuse, jalonnée d\'histoires de dettes, de jeu, de beuveries et bagarres, et même d\'une accusation de meurtre.</p><p>Ce livre rassemble plus de 50 des oeuvres les plus importantes et révolutionnaires du Caravage pour expliquer pourquoi cet artiste est aujourd\'hui considéré comme l\'un des principaux représentants du baroque primitif et ayant exercé une influence majeure sur des artistes tels que Ribera, Vermeer, Rembrandt, Delacroix, Courbet et Manet.</p>',NULL),(110,1,'','Dictionnaire encyclopédique - 1','','Larousse','1986','720','new','',NULL),(111,1,'','Dictionnaire encyclopédique - 2','','Larousse','1986','1519','new','',NULL),(112,1,'9782708406841','Territoires partagés','Jean-Pierre Pranlas-Descours, ','Pavillon de l\'Arsenal','2002','390','jIFPAAAAMAAJ','',NULL),(113,1,'9782908071153','L\'atlas du littoral de France','Raoul Piboubès','Editions Jean-Pierre de Monza','1994','331','VKARAAAACAAJ','Traite le littoral dans son ensemble, dresse le panorama, révèle la nature et analyse les activités liées au travail et au loisir des hommes. Plus de 300 photos, dessins et cartes en couleurs.',NULL),(114,1,'9782080815156','Wim Wenders','Michel Boujut','Edilig','1986','158','qaoqAAAAYAAJ','Un livre-itinéraire dans l\'oeuvre de Wim Wenders. Une invitation au voyage dans les pays de celui dont les films sont des signes de ralliement et de reconnaissance de toute une génération.',NULL),(115,1,'','Revues Cinéma','','','','250','new','',NULL),(116,1,'9782858932870','VERTIGO. Le cinéma face à l\'histoire','Collectif','Editions Jean-Michel Place','1997','190','Ku9OwgEACAAJ','Aile Cesare Ripa Avant-garde Brakhage Liberté Frank Capra Nation Michael Cimino Ironie Roberto Rosselini Segmentation Luis Bunuel, Furtif Georges Lautner Evénement Hitler-Pétain Hôpital Louis-Ferdinand Céline Spectre Alain Resnais Portugalité Manoel de Oliveira Lieux Georges Perec Aigre-doux Robert Bober Héritage Marin Scorsese Exil Jean Renoir Réécriture John Ford Tchache Howard Hawks Brûlure Jeanne d\'Arc Récit Marcel L\'Herbier Archive François Truffaut Vérité Sacha Guitry Résistance Jean-Pierre Melville Soupçon Costa Gavras Vent Chris, Marker Témoin Andrzej Wajda Enfance Charles Laughton Temps.',NULL),(117,1,'9782904732515','La photographie de théâtre, ou, La mémoire de l\'éphémère','Chantal Meyer-Plantureux','Paris Audiovisuel','1992','172','mhbfAAAACAAJ','',NULL),(118,1,'','Réussir ses photographies','Collectif','Editions Christophe Colomb','1984','144','new','',NULL),(119,1,'','Wim Wenders Une Fois','Bernard Eisenschitz','L\'Arche','1994','357','new','',NULL),(120,1,'','Archéologie du cinéma','C. W. Ceram','Plon','1966','264','LUR0xwEACAAJ','',NULL),(121,1,'9782909241241','Du stylo à la caméra--et de la caméra au stylo','Alexandre Astruc','L\'Archipel','1992','401','5nBZAAAAMAAJ','',NULL),(122,1,'9782742731824','À l\'imparfait de l\'objectif','Robert Doisneau','Belfond','1989','190','iS_PGAAACAAJ','Ici, souvenirs, anecdotes, portraits, s\'ordonnent comme autant de prolongements poétiques des images de Doisneau. Et si on voit défiler Cendrars, Braque, Brancusi, Léautaud, Picasso, Léger ou Cavanna, on retourne aussi au temps où le photographe, qui travaillait avec du magnésium en poudre, était reçu à la cuisine avec un verre de rouge ...',NULL),(123,1,'','Le champ visuel','Collectif','Gallimard (NRF)','1987','322','new','',NULL),(124,1,'','Eléments de technologie pour comprendre la photographie','Michel de Ferrières','Editions VM','1991','285','new','',NULL),(125,1,'','La Recherche photographique','Collectif','Paris Audiovisuel','1997','98','mFJWAAAAMAAJ','',NULL),(126,1,'9782331038280','Zaï Zaï Zaï Zaï','Fabcaro','6 pieds sous terre','2016','64','r5FiDwAAQBAJ','<p><b>Chroniques acides de la vie de couple</b></p><p>Acceptez-vous d’être débordés par les tâches du quotidien ? D’aller déjeuner chez vos beaux-parents chaque premier dimanche du mois ? De mettre une liste sur le frigo pour savoir qui fait quoi dans la maison ? Et d’avoir des idées divergentes sur l’éducation de vos enfants ? Alors félicitations, vous voici unis par les liens d’un mariage précaire et conflictuel !</p><p>Auteur du désormais culte <i>Zaï Zaï Zaï Zaï</i>, Fabcaro nous offre dans ce nouvel ouvrage un portrait acide et décomplexé des relations de couple. Situations cocasses, moments absurdes, incompréhensions, quiproquos, confidences sur l’oreiller... une série de strips qui nous fait autant méditer sur la société que sur nous-même mais qui, surtout, n’oublie jamais de nous faire rire.</p>',NULL),(127,1,'9782020563413','L\'Europe est-elle née au Moyen Âge?','Jacques Le Goff','Éd. du Seuil','2003','341','OMZmAAAAMAAJ','L\'Europe contemporaine est une longue histoire qui commence avant la venue du christianisme, et se continue avec son reflux. A l\'œil qui sait voir, comme celui de Jacques Le Goff, apparaissent des traces, des strates successives de nombreuses mutations, depuis les ruines de l\'Empire romain jusqu\'aux découvertes du XVIe siècle. L\'historien les met au jour, les explore, pour montrer combien l\'Europe contemporaine hérite, emprunte, reprend bien des caractères de cette \" Europe \" médiévale qui n\'est pas tout à fait la nôtre, mais représente un moment important dans sa constitution : unité potentielle et diversité fondamentale, métissage des populations, divisions et oppositions Ouest-Est/Sud-Nord, primat unificateur de la culture. De l\'échec carolingien à la \" belle \" Europe des villes et des universités, Jacques Le Goff nous entraîne dans un intense voyage à rebours, dans l\'espoir que, comprenant mieux leur provenance, les Européens construisent mieux leur avenir.',NULL),(128,1,'9782246790839','Au fil des jours cruels, 1992-2002','Alexandre Adler','Grasset','2003','450','QMnNn3qDLmQC','« Comme beaucoup, je n\'ai pas dormi, la terrible nuit du 11 septembre 2001. On n\'observe pas souvent, dans une vie humaine, la lumière dure et blanche de l\'apocalypse. Devant les images mille fois répétées des tours qui s\'effondrent, j\'ai consulté, réfléchi. Et jusqu\'au petit matin, face aux micros, j\'ai partagé mes impressions. Rentré chez moi, à l\'aube, dans un Paris bizarrement tranquille, un Paris déjà figé par la révélation d\'un monde nouveau, j\'ai revu les images du destroyer Cole, j\'ai songé aux faubourgs poussiéreux de Karachi. J\'ai médité la haine de la Qaïda contre les temps modernes. J\'ai pensé qu\'il fallait se tourner vers notre histoire récente. Et j\'ai entrepris de relire tous mes articles depuis le début des années 1990. J\'ai consulté, en particulier, mes 500 et quelques éditoriaux de Courrier International. J\'ai confronté avec les faits mes hypothèses d\'alors, toujours sérieuses, parfois provocatrices. J\'ai revu les années Clinton, Eltsine, Mitterrand, Rabin ; j\'ai voyagé, depuis la Bosnie jusqu\'à Hong Kong, depuis le Chili jusqu\'au Bengale ; j\'ai rencontré des hommes d\'Etat, des petits princes, des mafieux, des dictateurs. J\'ai puisé dans ces années quelques signes - parfois des preuves. Aujourd\'hui, alors que nul ne sait le destin de notre monde, j\'ai décidé de rassembler et de partager cette masse de faits, d\'hypothèses. Dans les milliers de pages que j\'ai écrites, j\'ai choisi celles qui me semblaient les plus fortes. Je veux donner une boussole à ceux qui cherchent comme moi, à préparer l\'avenir ». A. Adler',NULL),(129,1,'9782710383970','Saint-Germain-des-Prés','Jean-Paul Caracalla','Flammarion','1996','190','TAQkDwAAQBAJ','Voici enfin un ouvrage réunissant à la fois la légende et l\'histoire de ce quartier parmi les plus célèbres au monde, depuis la fondation de la fameuse abbaye par Childebert, fils de Clovis, jusqu\'aux nuits trépidantes du Tabou, ou encore jusqu\'au Saint-Germain d\'aujourd\'hui, avec ses galeries, ses terrasses, ses prix littéraires. Chronique de près de mille ans de vie religieuse, commerçante, ludique et littéraire, Jean-Paul Caracalla remonte le temps, de l\'établissement de la foire Saint-Germain à partir du XIIIe siècle à l\'ancêtre des cafés de Paris : le Procope. Là devaient se succéder les Encyclopédistes, Voltaire ou Rousseau, et plus tard les révolutionnaires Hébert, Marat et Danton. À la fin du XIXe siècle s\'affirme le règne absolu des terrasses de café, au Voltaire, au Flore, aux Deux Magots, puis chez Lipp. L\'activité littéraire est assurée par la concentration des éditeurs autour du vieux clocher, l\'ouverture du Théâtre du Vieux-Colombier et l\'enthousiasme des libraires comme Adrienne Monnier ou Sylvia Beach. Même l\'Occupation n\'empêchera pas Sartre et Simone de Beauvoir de sacrifier à la tradition. On retrouve ici la chronique des lendemains de la guerre, celle de la légende du jazz, de Vian et du Club Saint-Germain. Jean-Paul Caracalla n\'a garde d\'oublier le vrai cœur du quartier : ses rues tortueuses, ses personnages pittoresques, ses petits métiers dont le célèbre menuisier de la place Furstenberg.',NULL),(130,1,'9782227317109','La religion des origines','Emmanuel Anati','Bayard','1999','178','8XV5PQAACAAJ','Emmanuel Anati, paléontologue italien, montre que les cadres mentaux des hommes préhistoriques sont universels et propre à développer une relation au monde et aux autres de type religieux.',NULL),(131,1,'9782705683832','Psychanalyse des arts de l\'image','Henriette Bessis, Anne Clancier','Editions Clancier-Guénaud','1980','263','_TzDMwEACAAJ','Avec ce colloque, tenu dans une epoque ou la psychanalyse continuait en France a jeter tous ses feux, des psychanalystes, des artistes, des critiques ont pris la parole et se sont confrontes sur certaines des questions majeures qui se posent quant a ce que la psychanalyse peut dire sur les arts, et, en particulier, sur les arts de l\'image. Dans la presente periode, ou l\'art semble multiplier ses enigmes et ou la psychanalyse est diversement battue en breche, ce livre, a cause de la qualite des propos tenus, conserve une actualite entiere.',NULL),(132,1,'','Le Dépli - Pourquoi écrivez-vous ?','Collectif','Les Éperonniers','1993','112','new','',NULL),(133,1,'','Catalogue 2006','Anonimo','Editions EHESS','2006','155','new','',NULL),(134,1,'9782080721068','Au nom de la liberté','Anne Bervas-Leroux, Bruno Leroux','Flammarion','2014','96','8la0oQEACAAJ','',NULL),(137,1,'9782714302106','Oeuvres complètes - Les chants de Maldoror : poésies, lettres','Isidore Lucien Ducasse','J. Corti','1987','431','/books/OL26571522M','',NULL),(138,1,'9782742744817','Dans la forêt du miroir - essais sur les mots et sur le monde','Alberto Manguel','Actes sud','2003','317','/books/OL19989537M','',NULL),(139,1,'9782253057833','La Contrebasse','Patrick Süskind','Livre de Poche','1992','92','/books/OL8887720M','',NULL),(140,1,'9782020222341','Peau de lapin - roman','Nicolas Kieffer','Seuil','1994','422','/books/OL898272M','',NULL),(141,1,'9782761902441','Parle moi-- j\'ai des choses à te dire','Jacques Salomé','Centre interdisciplinaire','1982','253','/books/OL24927523M','',NULL),(142,1,'9782848331942','Armen','Briac','Le Télégramme','2008','49','new','',NULL),(143,1,'9782203163614','Bug (Livre 2)','Enki Bilal','Casterman','2019','82','Um-KDwAAQBAJ','Dans un avenir proche, en une fraction de seconde, le monde numérique disparaît, comme aspiré par une force indicible. Un homme, seul, malgré lui, se retrouve dans une tourmente planétaire. Détenteur de l’ensemble de la mémoire humaine, convoité par tous, il n’a qu’un seul but : survivre pour sauver sa fille.',NULL),(145,1,'9782213613086','Rolling Stones  - Une biographie','François Bon','Fayard','2002','800','/books/OL8865257M','',40),(146,1,'9782020959049','Les routes du Che','Patrick Bard','Seuil','2007','238','/books/OL18535176M','',20),(147,2,'9782841774234','L\'art du beau code','Andy Oram','O\'Reilly','2008','621','new','',45),(148,2,'3453024567','Aliens - Die Rückkehr','Alan Dean Foster','Heyne','1987','283','new','',0),(149,2,'9782954260105','Les Scop, nous en sommes fiers !','François Kerfourn','CAC','2012','334','new','',20),(150,2,'9782849411292','Survivre à la crise - le groupement d\'entreprises, une solution pour les PME','Pierre d\' Ornano','Bourin','2009','325','/books/OL23840181M','',25),(151,2,'9780201854695','The LaTex graphics companion - illustrating documents with TeX and PostScript','Michel Goossens','Addison-Wesley','1997','554','/books/OL1000195M','',20),(152,2,'9783822825860','1000 favorite websites','Julius Wiedemann','Taschen','2002','602','Czn7dPUJYgwC','In the not-too-distant past, the \"internet\" was a military communication device virtually unknown to civilians. Then in the 1990s came an explosion, a sort of digital big bang, and suddenly everyone began communicating via the world wide web. The web\'s evolution has proceeded at lightning speed, meaning that today\'s websites are infinitely more sophisticated and well-designed than their predecessors. When a website gets updated, the previous version generally evaporates into the digital beyond, so it\'s up to us to preserve and record this fascinating medium. 1000 Favorite Websites brings together -- you guessed it -- 1000 of today\'s very best websites in the areas of advertising, architecture, art design, digital, erotic, illustration, movies, fashion, photography, and more; each website is presented via screenshots annotated with icons indicating the features of the site (e.g. animation, sound, downloadable material, etc.) Serving as a vital reference for web enthusiasts, this book is also a place marker in the history of the internet and a vibrant catalog of cutting-edge global web design. <p>Bonus:<br> Included in the book is a DVD (PAL and NTSC format, region 0) containing six mini-documentaries, each focusing on interviews with a creative web professional. The subjects covered include: how to use the net to maximize production, to find technical support, to help clients, to provide better service, to exchange ideas, to stay updated on the latest news, and to put creativity to work.</p>',40),(153,2,'9782212114058','Scripts sous Linux','Christophe Blaess','Eyrolles','2004','761','VDHhPAAACAAJ','La plate-forme Linux offre aux administrateurs système et aux programmeurs un choix de langages de scripts d\'une richesse sans équivalent, qu\'il s\'agisse d\'automatiser les tâches d\'administration, de construire des interfaces graphiques, d\'effectuer des traitements automatisés sur des fichiers texte, de \"parser\" des documents XML ou encore de développer des applications Web. L\'auteur explique dans cet ouvrage de référence quel langage choisir en fonction de ses besoins, avant de présenter en détail la syntaxe et les techniques de programmation des principaux d\'entre eux : Tcl, Tk, Python et Ruby pour leurs notions essentielles ; shell Bash, Sed, Awk et Perl jusqu\'à un niveau avancé. A qui s\'adresse cet ouvrage ? Aux étudiants en informatique (1er et 2e cycles universitaires, écoles d\'ingénieur...) ; aux programmeurs Linux ; aux administrateurs système en charge d\'un parc Linux.',42),(154,2,'9780262562126','Spinning the Semantic Web - Bringing the World Wide Web to Its Full Potential','Anonimo','The MIT Press','2005','503','/books/OL9787016M','',22),(155,2,'9780596510510','Making Things Talk - Practical Methods for Connecting Physical Objects','Tom Igoe','Make Books','2007','428','/books/OL7581400M','',20),(156,2,'9782253071624','Eon','Greg Bear','LGF','1994','664','/books/OL8887874M','',37),(157,2,'9780596006488','Learning GNU Emacs','Debra Cameron, James Elliott, Marc Loy, Eric Raymond, Bill Rosenblatt','O\'Reilly','2005','509','/books/OL3436573M','',30),(158,2,'9780321385550','Designing with Web standards','Jeffrey Zeldman, Ethan Marcotte','New Riders','2007','410','/books/OL17157555M','',20),(159,2,'9782221094525','Ilium','Dan Simmons','Robert Laffont','2006','618','new','',45),(160,2,'9782070421329','Homme de Cour','Baltasa Gracian','Gallimard Education','2010','0','/books/OL26716840M','',35),(161,2,'9782883537668','La maîtrise de l\'amour','Don Miguel Ruiz','Poches Jouvence','2009','175','new','',15),(162,2,'9781740598552','San Francisco Encounter','Alison Bing','Lonely planet','2007','264','new','',14),(163,2,'9781586855222','Cowboy Boots','Tyler Beard','Gibbs Smith','2005','328','A-7ubp7AZ_UC','A collectible and fun little book on America\'s most fashionable footwear, the Small Boot Book is a close up look at the veritable trunk show of some of the most impressive cowboy boot designs from the most prestigious and famed bootmakers in the world, and is small and handy enough to carry with you when you\'re shopping for that next pair! From detail shots of stitching, to a focus on the design elements like flowers, steer heads, horses, crosses, initials, hearts, cacti, and horseshoes, there is plenty of quality craftsmanship to ogle over<br>. A great little idea book to have handy if you\'re a collector, a fan of the craftsmanship or in the market for a new pair. <br>Tyler Beard is the foremost expert on cowboy boots. He is the author of Art of the Boot, The Cowboy Boot Book, and 100 Years of Western Wear. He lives on a ranch with his wife, and together they run True West Design. Jim Arndt is nationally recognized photographer, with many books to his credit including Art of the Boot, The Cowboy Boot Book, and 100 Years of Western Wear. His work has been published and exhibited internationally. <br>',20),(164,2,'9781615192250','An illustrated book of bad arguments','Ali Almossawi','','2014','55','/books/OL27164154M','',10),(165,2,'9782915830675','L\'emprise numérique - comment internet et les nouvelles technologies ont colonisé nos vies','Cédric Biagini','L\'Echappée','2012','445','FAPJNAEACAAJ','La 4e de couverture indique : « Cartable électronique, cloud, e-book, Twitter, tablette tactile, Facebook, smartphone, Big Data. Le déferlement technologique bouleverse notre rapport au monde, aux autres et à nous-mêmes. Les nouvelles technologies donnent l\'illusion de la toute-puissance : transparence, accès immédiat à une infinité de connaissances et de produits culturels, démultiplication des contacts et des échanges, accélération, etc. Multinationales du high-tech, start-ups ou hacktivistes, tous prétendent construire un monde sans conflit dans lequel les humains communieraient ensemble grâce à leurs machines magiques, affranchis de toutes contraintes et limites (temporelles, spatiales, relationnelles, corporelles), dans une société fondée sur la fluidité et l\'instantanéité des échanges, organisée sur le modèle du réseau informatique : une forme de marché idéal. L\'utopie libérale se réalise grâce à la révolution numérique en cours. Les nouvelles technologies recomposent le monde selon leur propre logique, celle de la performance et de l\'efficacité. Elles renforcent le règne de la compétition et l\'exigence d\'aller toujours plus vite, de se mobiliser intégralement pour son entreprise et sur les \" réseaux sociaux \", d\'être capable de s\'adapter à toutes les évolutions technoculturelles, sous peine d\'être exclu. L\'homme numérique croit avoir trouvé l\'autonomie en se débarrassant des pesanteurs du vieux monde matériel.\" Enfin libre ! \", dit-il, alors qu\'au contraire, il dépend de plus en plus de dispositifs technoscientifiques. Pour rester dans la course et tenter de maîtriser un réel qui lui échappe, il multiplie les machines. Mais ce sont elles qui désormais le possèdent. »',40),(166,2,'9780982853733','Science Ruining Everything Since 1543','Zach Weinersmith','Breadpig','2014','0','/books/OL26181876M','',20),(167,2,'9780500515860','Total office design - 50 contemporary workplaces','Kerstin Zumstein','Thames & Hudson','2011','320','/books/OL25323203M','',35),(168,2,'9780596005900','Linux device drivers - Where the Kernel Meets the Hardware','Alessandro Rubini','O\'Reilly','2005','615','/books/OL17922662M','',30),(169,2,'9782363832221','La solution coopérative','Pierre Liret','Les Petits Matins','2016','615','-JoSvgAACAAJ','Alsace Lait, la Scop Artenréel, mais aussi les magasins Leclerc, le Crédit mutuel et bien d\'autres comptent parmi ces sociétés qu\'on appelle \"coopératives\" et qui jalonnent le territoire français. Présentes dans tous les secteurs d\'activité, elles sont particulièrement puissantes dans l\'agriculture, la banque et le commerce. Leur taille parfois gigantesque ne leur permet pas toujours d\'entretenir un lien de proximité avec leurs membres adhérents, mais elles présentent l\'atout essentiel d\'être indépendantes d\'actionnaires financiers. Quelles sont les spécificités de ces entreprises ? A l\'ère de la domination des multinationales, les coopératives constituent-elles une véritable alternative ou bien sont-elles condamnées à choisir entre rester à la marge ou se banaliser ? Quelle importance accorder à ce système économique ultra-territorialisé que propose le modèle coopératif ? En combinant réflexion d\'ensemble et enquête de terrain, ce livre permet de mieux connaître les coopératives qui ont la particularité d\'être les seules formes d\'organisation disposant de principes de fonctionnement extra-économique à l\'échelle mondiale. Tout en identifiant ses limites, il montre les atouts du modèle coopératif et les solutions qu\'il apporte : en maintenant l\'activité économique et sociale à l\'échelle locale, il constitue un garde-fou contre la volatilité des capitaux et des emplois, permettant de concilier projet professionnel et projet de vie.',32),(170,2,'9789077212837','Project Management Based on PRINCE2','Van Haren Publishing','Van Haren Publishing','2006','215','/books/OL9533688M','',15),(171,2,'9780596153748','Make: electronics - learning by discovery','Charles Platt','O\'Reilly','2009','334','/books/OL25540153M','',15),(172,2,'9780692886519','Comme convenu 1','Laurel','Broom LLC','2016','0','EuJfvgAACAAJ','',25),(173,2,'9780692886489','Comme convenu 2','Laurel','Broom LLC','2016','','new','',27),(174,2,'9781934356029','Design Accessible Web Sites - 36 Keys to Creating Content for All Audiences and Platforms (Pragmatic Programmers)','Jeremy Sydik, Jeremy Sydik','Pragmatic Bookshelf','2007','328','/books/OL12341389M','',27),(175,2,'9782841772827','Wifi à deux cents pour cent','Rob Flickenger','O\'Reilly','2004','286','87djIxd8YTcC','Guide de la mise en place d\'un réseau sans fil WiFi. Aide les utilisateurs de la technologie sans fil (802.11, Bluetooth, GPRS et même talkie-walkies) à trouver des protocoles et des applications (détection de réseaux, SMS, blogs). Tous les types de plates-formes sont abordés (Linux, Mac, Windows...). 100 fiches pratiques et conseils sur le matériel.',15),(176,2,'9782355220142','Les surveillants surveillés','Big brother awards','Zones','2008','187','/books/OL23223035M','',17),(177,2,'9782363832238','Le bonheur est dans la Scop','François Kerfourn','CAC','2016','314','new','',15),(178,2,'2951084018','Guide juridique des scop','Anonimo','Scop Edit','2003','62','new','',33),(179,2,'9782714450401','L\'Été de l\'ours','Bella Pollen','Belfond','2012','404','new','',33),(183,1,'9782221083383','Les aigles foudroyés - la fin des Romanov, des Habsbourg et des Hohenzollern','Frédéric Mitterrand','France 2 éditions','1997','333','/books/OL744363M','',30),(186,1,'9782841725281','Lavinia','Ursula Le Guin','L\' Atalante','2011','311','/books/OL27283516M','',30),(187,1,'9782020329606','L\'Ingénieux Hidalgo Don Quichotte de la Manche','Miguel de Cervantes','Seuil','1997','1080','/books/OL12387234M','',52),(188,1,'9782879292960','Les Corrections','Jonathan Franzen','Editions de l\'Olivier','2002','716','/books/OL9005218M','',45),(190,1,'9782842610531','King Ink. 2','Nick Cave','Le Serpent à plumes','1998','289','/books/OL8942993M','',23),(191,1,'9782742722624','Tombouctou','Paul Auster, Christine Le Boeuf','Actes Sud','1999','209','/books/OL9617161M','',16),(192,1,'9782851072115','Henri Cartier-Bresson  - Paysages','Henri Cartier Bresson','Delpire','2001','105','/books/OL12629029M','',30),(193,1,'','Dictionnaire de l\'art et des artistes','Anonimo','Fernand Hazan','1982','596','new','',60),(194,1,'9782757826911','Et l\'âne vit l\'ange','Nick Cave','Points','2012','448','new','',22),(195,1,'9782081227880','Bunny Munro','Nick Cave','Flammarion','2010','332','new','',25),(196,1,'97828426110227','King Ink','Nick Cave','Le Serpent à plumes','1997','218','new','',20),(197,1,'9782080678942','Témoigner. Paroles de la Shoah','Shiva Kumar, Joshua Greene','Flammarion','2000','295','/books/OL12399288M','',30),(198,1,'9782020962018','A genoux','Michael Connelly','Ed. du Seuil','2008','236','A2xmxgEACAAJ','Le corps du Dr Stanley Kent est retrouvé, deux balles dans la nuque, près de Mulholland Drive. L\'inspecteur Harry Bosch, nouvellement affecté au Homicide Special, commence son enquête où se font jour de nombreuses contradictions. A force d\'obstination et de ruses, il va réussir à résoudre cette affaire que le FBI et les services de la sécurité étaient bien décidés à lui retirer.',25),(199,1,'9782020365680','La conférence de Cintegabelle','Lydie Salvayre','Seuil','1999','122','/books/OL97670M','',17),(200,1,'9782020381178','Atlas du roman européen (1800-1900)','Franco Moretti','Seuil','2000','235','/books/OL12387613M','',20),(201,1,'9782070702237','Histoire d\'un fonctionnaire - roman','André Dhôtel','Gallimard','1984','385','/books/OL2686632M','',30),(202,1,'9791090724082','Mailman','J. Robert Lennon','Monsieur Toussaint Louverture','2014','668','HjL9ngEACAAJ','Albert Lippincott, dit Mailman, est un étrange facteur, un employé efficace mais névrosé qui lit et photocopie le courrier des autres. Suite au suicide d\'un de ses usagers, probablement parce qu\'il avait conservé trop longtemps une lettre qui lui était adressée, les événements se précipitent et il doit faire face aux fêlures de sa vie.',40),(203,1,'9791090724143','Price','Steve Tesich','Monsieur Toussaint Louverture','2014','537','new','',35),(204,1,'9782070709823','L\'Art de la mémoire','Frances Yates','Gallimard','1987','432','/books/OL8840399M','',40),(205,1,'9782020196741','La Misère du monde','Pierre Bourdieu, Alain Accardo','Editions du Seuil','1993','947','/books/OL1482149M','',45),(206,1,'9782221057605','Dictionnaire de la Bible','André-Marie Gerard','R. Laffont','1989','1478','/books/OL1630959M','',50),(207,1,'9782846260121','Tomorrow\'s parties','William F. Gibson','Au Diable Vauvert','2001','392','/books/OL8943909M','',22),(208,1,'9782226095473','Au bord de la falaise - l\'histoire entre certitudes et inquiétudes','Roger Chartier ','Albin Michel','1997','292','/books/OL22221906M','',35),(209,1,'9782221066614','Les derniers jours du monde - roman','Dominique Noguez','R. Laffont','1991','593','/books/OL1676526M','',43),(210,1,'9782330090517','4321','Paul Auster','Actes Sud','2018','1019','new','',55),(211,1,'9782742723249','\"Thesaurus\" - L\'invention de la solitude - Le voyage d\'Anna Blume - Moon Palace - La musique du hasard - Léviathan - Smoke - Le conte de Noël d\'Auggie Wren - Brooklyn Boogie','Paul Auster','Actes Sud','1999','1466','new','',60),(212,1,'9782868696946','Trilogie new-yorkaise - romans','Paul Auster','Actes Sud','1991','444','/books/OL29212507M','',35),(213,1,'9782213596426','Les premières images chrétiennes - du symbole à l\'icône, IIe-VIe siècle','Frédérick Tristan','Fayard','1996','663','/books/OL612905M','',45),(214,1,'9782355360022','Achever Clausewitz','René Girard','Carnets nord','2007','363','/books/OL16507369M','',32),(215,1,'9782200262860','Les historiens','Stéphane Audoin-Rouzeau, Véronique Sales','A. Colin','2003','349','/books/OL3760525M','',30),(216,1,'9782020046053','Fragments d\'un discours amoureux','Roland Barthes','Seuil','1977','280','/books/OL21756184M','',20),(217,1,'9782742721467','Le promeneur de Paris - 10 promenades de la Rive droite','Jérôme Godeau','Paris-Musées','1999','287','/books/OL113545M','',30),(218,1,'9782858161652','La vie religieuse dans le monde grec du Ve au IIIe siècle avant notre ère','Brigitte Le Guen-Pollet','Presses Univ. du Mirail','1991','256','AmMMH5NzDEEC','',0),(219,1,'9782212140255','Expérience utilisateur mobile - UX design pour smartphones et tablettes','Amélie Boucher','Editions Eyrolles','2015','285','vavSCgAAQBAJ','',0),(220,1,'9782212137132','Projet responsive web design - Du recueil des besoins à la mise en ligne','Jérémie Patonnier, Rudy Rigot','Editions Eyrolles','2013','161','5UXQZ1hX_8oC','',0),(221,1,'9782889151455','Découvrir le numérique - une introduction à l\'informatique et aux systèmes de communication','André Schiper','Presses polytechniques et universitaires romandes','2016','318','z95YvgAACAAJ','\"Les technologies numériques ont envahi notre quotidien, et rares sont les espaces qu\'elles n\'ont pas encore investis. Leur impact social, économique et culturel est si profond qu\'elles remodèlent tous les jours un peu plus notre monde. Paradoxalement, cet usage se double d\'une méconnaissance presque totale du fonctionnement de ces technologies. C\'est à une plongée dans les secrets du monde numérique que cet ouvrage convie le lecteur. Celui-ci y découvrira une richesse insoupçonnée, ainsi qu\'une façon de penser originale et singulière. Pénétrer dans l\'univers numérique, c\'est découvrir un domaine scientifique particulier, auquel ces technologies ont donné naissance, avec ses notions propres et ses modes de raisonnement spécifiques. Cet ouvrage sans équivalent expose à la fois les connaissances théoriques de la discipline et les notions d\'ingénierie qui la sous-tendent. Trois thèmes clés structurent l\'exposé : le calcul, l\'information et les systèmes. Ce livre s\'adresse en premier lieu aux étudiants ingénieurs dont le domaine d\'étude n\'est ni l\'informatique ni les systèmes de communication, et ce afin de compléter leur culture scientifique. II intéressera également tous ceux qui, intéressés par ces questions, souhaitent en savoir plus avant de se lancer dans des études. II s\'adresse enfin aux enseignants du secondaire supérieur concernés par ces disciplines, ainsi qu\'à tous ceux désireux de se familiariser avec le monde numérique.\" [Source : 4e de couv.]',0),(222,1,'9782265097636','Comment braquer une banque sans perdre son dentier','Catharina Ingelman-Sundberg','Fleuve éd.','2014','425','uS63oAEACAAJ','La 4e de couv. indique : \"Ils s\'appellent Märtha, Stina, Anna-Greta, le Génie, le Râteau, ils chantent dans la même chorale et vivent dans la même maison de retraite. Nourriture insipide, traitement lamentable, restrictions constantes, pas étonnant que les résidents passent l\'arme à gauche. Franchement, la vie ne serait pas pire en prison ! D\'ailleurs, à Stockholm, elles ont plutôt bonne presse. Voilà l\'idée ! Les cinq amis vont commettre un délit et faire en sorte d\'être condamnés : en plus d\'avoir la vie douce, ils pourraient redistribuer les bénéfices aux pauvres et aux vieux du pays. Un brin rebelles et idéalistes, un peu fous aussi, les cinq comparses se lancent dans le grand banditisme. Mais évidemment rien ne va se passer comme prévu.\"',30);
/*!40000 ALTER TABLE `biblio_book` ENABLE KEYS */;
UNLOCK TABLES;

--
-- Table structure for table `biblio_customcode`
--

DROP TABLE IF EXISTS `biblio_customcode`;
/*!40101 SET @saved_cs_client     = @@character_set_client */;
/*!40101 SET character_set_client = utf8 */;
CREATE TABLE `biblio_customcode` (
  `id` int(11) NOT NULL AUTO_INCREMENT,
  `id_user` int(11) NOT NULL,
  `id_app` int(11) NOT NULL,
  `title` varchar(255) DEFAULT NULL,
  `description` text DEFAULT NULL,
  `customvars` longtext CHARACTER SET utf8mb4 COLLATE utf8mb4_bin DEFAULT NULL,
  `customcode` blob DEFAULT NULL,
  `date_add` datetime NOT NULL DEFAULT current_timestamp(),
  `date_upd` datetime NOT NULL DEFAULT current_timestamp() ON UPDATE current_timestamp(),
  `published` tinyint(1) NOT NULL DEFAULT 0,
  `position` smallint(6) NOT NULL,
  PRIMARY KEY (`id`),
  KEY `id_user` (`id_user`,`id_app`),
  KEY `published` (`published`),
  KEY `id_user_2` (`id_user`,`id_app`,`published`),
  KEY `position` (`position`)
) ENGINE=InnoDB AUTO_INCREMENT=25 DEFAULT CHARSET=utf8;
/*!40101 SET character_set_client = @saved_cs_client */;

--
-- Dumping data for table `biblio_customcode`
--

LOCK TABLES `biblio_customcode` WRITE;
/*!40000 ALTER TABLE `biblio_customcode` DISABLE KEYS */;
INSERT INTO `biblio_customcode` VALUES (1,1,1,'rainbowstrips demo','Display strips with rainbow colors in random mode, by 5 leds offset, leds first','{\"blink\": \"off\", \"colorCode_val\": \"random\", \"delay_val\": \"70\", \"loop_priority\": \"ledsfirst\", \"nbLeds_val\": \"62\", \"nbStrips_val\": \"3\", \"offset_val\": \"5\", \"rgbCode_val\": 0, \"start_val\": \"0\", \"template\": \"sample\"}','/***\n* Turn on all specified leds in iterative mode\n***/\napp.forceExit = false;\nvar strip = 1;\nwhile(strip<=3) { // loop for strips\n	for(n=0; n<62; n+=5) { //loop for leds\n		if(app.forceExit) break; // mandatory\n		//set lighting instructions to Bibus\n		app.setBlockMessage(n, strip, 5, \'random\', \'0\');\n		await timer(70);\n		\n	}\n	strip++;\n}','2020-04-06 23:20:02','2020-06-22 23:52:35',0,5),(2,1,1,'remove quiclky','','{\"blink\": \"off\", \"colorCode_val\": \"down\", \"delay_val\": \"100\", \"loop_priority\": \"ledsfirst\", \"nbLeds_val\": \"62\", \"nbStrips_val\": \"3\", \"offset_val\": \"5\", \"rgbCode_val\": \"0,0,0\", \"start_val\": \"0\", \"template\": \"sample\"}','/***\n* Turn on all specified leds in iterative mode\n***/\napp.forceExit = false;\nvar strip = 1;\nwhile(strip<=3) { // loop for strips\n	for(n=0; n<62; n+=5) { //loop for leds\n		if(app.forceExit) break; // mandatory\n		//set lighting instructions to Bibus\n		app.setBlockMessage(n, strip, 5, \'down\', \'0,0,0\');\n		await timer(100);\n		\n	}\n	strip++;\n}','2020-04-09 23:51:51','2020-06-26 22:58:01',1,7),(4,1,1,'bleu 1/3','','{\"blink\": \"off\", \"colorCode_val\": \"color\", \"delay_val\": \"120\", \"loop_priority\": \"ledsfirst\", \"nbLeds_val\": \"20\", \"nbStrips_val\": \"3\", \"offset_val\": \"10\", \"rgbCode_val\": \"0,0,124\", \"start_val\": \"0\", \"template\": \"sample\"}','/***\n* Turn on all specified leds in iterative mode\n***/\napp.forceExit = false;\nvar strip = 1;\nwhile(strip<=3) { // loop for strips\n	for(n=0; n<20; n+=10) { //loop for leds\n		if(app.forceExit) break; // mandatory\n		//set lighting instructions to Bibus\n		app.setBlockMessage(n, strip, 10, \'color\', \'0,0,124\');\n		await timer(120);\n		\n	}\n	strip++;\n}','2020-05-26 19:29:10','2020-06-26 23:02:15',1,3),(5,1,1,'blanc 2/3','','{\"blink\": \"off\", \"colorCode_val\": \"color\", \"delay_val\": \"200\", \"loop_priority\": \"ledsfirst\", \"nbLeds_val\": \"21\", \"nbStrips_val\": \"3\", \"offset_val\": \"11\", \"rgbCode_val\": \"255,255,255\", \"start_val\": \"20\", \"template\": \"sample\"}','/***\n* Turn on all specified leds in iterative mode\n***/\napp.forceExit = false;\nvar strip = 1;\nwhile(strip<=3) { // loop for strips\n	for(n=20; n<41; n+=11) { //loop for leds\n		if(app.forceExit) break; // mandatory\n		//set lighting instructions to Bibus\n		app.setBlockMessage(n, strip, 11, \'color\', \'255,255,255\');\n		await timer(200);\n		\n	}\n	strip++;\n}','2020-05-26 19:30:00','2020-06-26 22:58:01',1,4),(6,1,1,'rouge 3/3','','{\"blink\": \"off\", \"colorCode_val\": \"color\", \"delay_val\": \"120\", \"loop_priority\": \"ledsfirst\", \"nbLeds_val\": \"22\", \"nbStrips_val\": \"3\", \"offset_val\": \"11\", \"rgbCode_val\": \"136,0,0\", \"start_val\": \"40\", \"template\": \"sample\"}','/***\n* Turn on all specified leds in iterative mode\n***/\napp.forceExit = false;\nvar strip = 1;\nwhile(strip<=3) { // loop for strips\n	for(n=40; n<62; n+=11) { //loop for leds\n		if(app.forceExit) break; // mandatory\n		//set lighting instructions to Bibus\n		app.setBlockMessage(n, strip, 11, \'color\', \'136,0,0\');\n		await timer(120);\n		\n	}\n	strip++;\n}','2020-05-26 19:30:43','2020-06-26 23:02:30',1,5),(7,1,1,'remove all','','{\"blink\": \"off\", \"colorCode_val\": \"down\", \"delay_val\": \"150\", \"loop_priority\": \"ledsfirst\", \"nbLeds_val\": \"186\", \"nbStrips_val\": \"1\", \"offset_val\": \"10\", \"rgbCode_val\": \"0\", \"start_val\": \"0\", \"template\": \"sample\"}','/***\n* Turn on all specified leds in iterative mode\n***/\napp.forceExit = false;\nvar strip = 1;\nwhile(strip<=1) { // loop for strips\n	for(n=0; n<186; n+=10) { //loop for leds\n		if(app.forceExit) break; // mandatory\n		//set lighting instructions to Bibus\n		app.setBlockMessage(n, strip, 10, \'down\', \'0\');\n		await timer(150);\n		\n	}\n	strip++;\n}','2020-05-27 12:17:23','2020-06-26 23:32:34',0,14),(9,1,2,'turn on','','{\"blink\": \"off\", \"colorCode_val\": \"random\", \"delay_val\": \"200\", \"loop_priority\": \"ledsfirst\", \"nbLeds_val\": \"60\", \"nbStrips_val\": \"1\", \"offset_val\": \"5\", \"rgbCode_val\": \"0\", \"start_val\": \"0\", \"template\": \"sample\"}','/***\n* Turn on all specified leds in iterative mode\n***/\napp.forceExit = false;\nvar strip = 1;\nwhile(strip<=1) { // loop for strips\n	for(n=0; n<60; n+=5) { //loop for leds\n		if(app.forceExit) break; // mandatory\n		//set lighting instructions to Bibus\n		app.setBlockMessage(n, strip, 5, \'random\', \'0\');\n		await timer(200);\n		\n	}\n	strip++;\n}','2020-06-17 11:42:14','2020-07-03 14:36:02',1,0),(10,1,1,'wait 1 sec','1000 ms','{\"delay_val\": \"1000\", \"rgbCode_val\": 0, \"template\": \"wait\"}','/***\n* Sleep \n***/\nawait timer(1000);','2020-06-22 23:40:24','2020-06-26 22:58:01',1,6),(11,1,2,'turn off','','{\"blink\": \"off\", \"colorCode_val\": \"down\", \"delay_val\": \"100\", \"loop_priority\": \"ledsfirst\", \"nbLeds_val\": \"60\", \"nbStrips_val\": \"1\", \"offset_val\": \"5\", \"rgbCode_val\": \"0\", \"start_val\": \"0\", \"template\": \"sample\"}','/***\n* Turn on all specified leds in iterative mode\n***/\napp.forceExit = false;\nvar strip = 1;\nwhile(strip<=1) { // loop for strips\n	for(n=0; n<60; n+=5) { //loop for leds\n		if(app.forceExit) break; // mandatory\n		//set lighting instructions to Bibus\n		app.setBlockMessage(n, strip, 5, \'down\', \'0\');\n		await timer(100);\n		\n	}\n	strip++;\n}','2020-06-25 15:54:21','2020-07-03 14:35:37',1,0),(12,1,1,'bpm','','{\"delay_val\": \"3000\", \"effect\": \"5\", \"template\": \"effect\"}','/***\n* Effect \n***/\napp.setBlockMessage(0, -1, 0, \'effect\', 0, 5);\nawait timer(3000);','2020-06-26 22:50:07','2020-07-01 10:06:31',1,8),(13,1,1,'fadeout','','{\"delay_val\": 1350, \"effect\": \"7\", \"template\": \"effect\"}','/***\n* Effect \n***/\napp.setBlockMessage(0, -1, 0, \'effect\', 0, 7);\nawait timer(1350);','2020-06-26 22:50:26','2020-06-27 11:17:00',0,9),(14,1,1,'juggle','','{\"delay_val\": \"3000\", \"effect\": \"4\", \"template\": \"effect\"}','/***\n* Effect \n***/\napp.setBlockMessage(0, -1, 0, \'effect\', 0, 4);\nawait timer(3000);','2020-06-26 22:54:44','2020-09-03 14:58:06',1,1),(15,1,1,'fadeout2','','{\"delay_val\": \"1500\", \"effect\": \"7\", \"template\": \"effect\"}','/***\n* Effect \n***/\napp.setBlockMessage(0, -1, 0, \'effect\', 0, 7);\nawait timer(1500);','2020-06-26 22:55:08','2020-06-29 23:21:39',1,2),(16,1,1,'rouge strip','','{\"blink\": \"off\", \"colorCode_val\": \"color\", \"delay_val\": \"150\", \"loop_priority\": \"ledsfirst\", \"nbLeds_val\": \"62\", \"nbStrips_val\": \"1\", \"offset_val\": \"11\", \"rgbCode_val\": \"175,0,0\", \"start_val\": \"62\", \"template\": \"sample\"}','/***\n* Turn on all specified leds in iterative mode\n***/\napp.forceExit = false;\nvar strip = 1;\nwhile(strip<=1) { // loop for strips\n	for(n=62; n<124; n+=11) { //loop for leds\n		if(app.forceExit) break; // mandatory\n		//set lighting instructions to Bibus\n		app.setBlockMessage(n, strip, 11, \'color\', \'175,0,0\');\n		await timer(150);\n		\n	}\n	strip++;\n}','2020-06-26 23:05:04','2020-06-27 11:16:43',0,11),(17,1,1,'noir strip','','{\"blink\": \"off\", \"colorCode_val\": \"color\", \"delay_val\": \"200\", \"loop_priority\": \"stripfirst\", \"nbLeds_val\": \"62\", \"nbStrips_val\": \"1\", \"offset_val\": \"11\", \"rgbCode_val\": \"100,100,100\", \"start_val\": \"0\", \"template\": \"sample\"}','/***\n* Turn on all specified strips in iterative mode\n***/\napp.forceExit = false;\nfor(n=0; n<62; n+=11) { //loop for leds\n	var strip = 1;\n	while(strip<=1) { // loop for strips\n		if(app.forceExit) break; // mandatory\n		//set lighting instructions to Bibus\n		app.setBlockMessage(n, strip, 11, \'color\', \'100,100,100\');\n		await timer(200);\n		\n		strip++;\n	}\n}','2020-06-26 23:06:23','2020-06-27 11:16:38',0,10),(18,1,1,'yellow strip','','{\"blink\": \"off\", \"colorCode_val\": \"color\", \"delay_val\": \"200\", \"loop_priority\": \"ledsfirst\", \"nbLeds_val\": \"62\", \"nbStrips_val\": \"1\", \"offset_val\": \"11\", \"rgbCode_val\": \"255,221,0\", \"start_val\": \"124\", \"template\": \"sample\"}','/***\n* Turn on all specified leds in iterative mode\n***/\napp.forceExit = false;\nvar strip = 1;\nwhile(strip<=1) { // loop for strips\n	for(n=124; n<186; n+=11) { //loop for leds\n		if(app.forceExit) break; // mandatory\n		//set lighting instructions to Bibus\n		app.setBlockMessage(n, strip, 11, \'color\', \'255,221,0\');\n		await timer(200);\n		\n	}\n	strip++;\n}','2020-06-26 23:25:52','2020-06-27 11:16:48',0,12),(19,1,1,'wait','','{\"delay_val\": \"1000\", \"template\": \"wait\"}','/***\n* Sleep \n***/\nawait timer(1000);','2020-06-26 23:27:51','2020-06-27 11:16:54',0,13),(20,1,1,'fadeout','','{\"delay_val\": 1350, \"effect\": \"7\", \"template\": \"effect\"}','/***\n* Effect \n***/\napp.setBlockMessage(0, -1, 0, \'effect\', 0, 7);\nawait timer(1350);','2020-06-26 23:32:50','2020-06-26 23:32:50',1,14),(21,2,3,'Rainbow random','Play random rainbow colors','{\"blink\": \"off\", \"colorCode_val\": \"random\", \"delay_val\": \"200\", \"loop_priority\": \"ledsfirst\", \"nbLeds_val\": \"47\", \"nbStrips_val\": \"3\", \"offset_val\": \"7\", \"rgbCode_val\": \"\", \"start_val\": \"0\", \"template\": \"sample\"}','/***\n* Turn on all specified leds in iterative mode\n***/\napp.forceExit = false;\nvar strip = 1;\nwhile(strip<=3) { // loop for strips\n	for(n=0; n<47; n+=7) { //loop for leds\n		if(app.forceExit) break; // mandatory\n		//set lighting instructions to Bibus\n		app.setBlockMessage(n, strip, 7, \'random\', \'\');\n		await timer(200);\n		\n	}\n	strip++;\n}','2020-07-17 16:23:52','2020-07-17 16:31:32',1,0),(22,2,3,'fadeout','','{\"delay_val\": \"1500\", \"effect\": \"7\", \"template\": \"effect\"}','/***\n* Effect \n***/\napp.setBlockMessage(0, -1, 0, \'effect\', 0, 7);\nawait timer(1500);','2020-07-17 16:29:41','2020-07-17 16:29:41',1,0),(23,2,3,'timer red','','{\"colorCode_val\": \"color\", \"delay_val\": \"100\", \"loop_priority\": \"ledsfirst\", \"nbLeds_val\": \"141\", \"nbStrips_val\": \"1\", \"offset_val\": \"2\", \"rgbCode_val\": \"175,0,0\", \"start_val\": \"0\", \"template\": \"timer\"}','/***\n* Turn on all specified leds\n* Then turn off leds in iterative mode\n***/\napp.forceExit = false;\nvar strip = 1;\napp.setBlockMessage(0, 1, 141, \'color\', \'175,0,0\');\nawait timer(200);\nfor(n=141; n>=0; n-=2) { //loop for leds\n	if(app.forceExit) break; // mandatory\n	//send turn off instructions\n	app.setBlockMessage(n, strip, 2, \'down\', null);\n	await timer(100);\n}','2020-07-17 16:32:38','2020-07-17 16:32:38',1,0),(24,1,2,'Timer démo','','{\"colorCode_val\": \"random\", \"delay_val\": \"9375\", \"loop_priority\": \"ledsfirst\", \"nbLeds_val\": \"64\", \"nbStrips_val\": \"1\", \"offset_val\": \"2\", \"rgbCode_val\": \"\", \"start_val\": \"0\", \"template\": \"timer\"}','/***\n* Turn on all specified leds\n* Then turn off leds in iterative mode\n***/\napp.forceExit = false;\nvar strip = 1;\napp.setBlockMessage(0, 1, 64, \'random\', \'\');\nawait timer(200);\nfor(n=64; n>=0; n-=2) { //loop for leds\n	if(app.forceExit) break; // mandatory\n	//send turn off instructions\n	app.setBlockMessage(n, strip, 2, \'down\', null);\n	await timer(9375);\n}','2021-02-01 19:04:30','2021-02-01 19:18:15',1,0);
/*!40000 ALTER TABLE `biblio_customcode` ENABLE KEYS */;
UNLOCK TABLES;

--
-- Table structure for table `biblio_customcolors`
--

DROP TABLE IF EXISTS `biblio_customcolors`;
/*!40101 SET @saved_cs_client     = @@character_set_client */;
/*!40101 SET character_set_client = utf8 */;
CREATE TABLE `biblio_customcolors` (
  `id` int(11) NOT NULL AUTO_INCREMENT,
  `id_user` int(11) NOT NULL,
  `id_app` int(11) NOT NULL,
  `title` varchar(255) DEFAULT NULL,
  `coordinates` longtext CHARACTER SET utf8mb4 COLLATE utf8mb4_bin DEFAULT NULL,
  `date_add` datetime NOT NULL DEFAULT current_timestamp(),
  `date_upd` datetime NOT NULL DEFAULT current_timestamp() ON UPDATE current_timestamp(),
  PRIMARY KEY (`id`),
  KEY `id_user` (`id_user`,`id_app`)
) ENGINE=InnoDB AUTO_INCREMENT=3 DEFAULT CHARSET=utf8;
/*!40101 SET character_set_client = @saved_cs_client */;

--
-- Dumping data for table `biblio_customcolors`
--

LOCK TABLES `biblio_customcolors` WRITE;
/*!40000 ALTER TABLE `biblio_customcolors` DISABLE KEYS */;
INSERT INTO `biblio_customcolors` VALUES (1,1,2,'test','{\"0-15_0_rgb(255,0,0)\": {\"color\": \"255,0,0\", \"x_offset\": 15, \"x_start\": 0, \"y_offset\": 1, \"y_start\": 0}, \"0-15_1_rgb(0,0,255)\": {\"color\": \"0,0,255\", \"x_offset\": 15, \"x_start\": 0, \"y_offset\": 1, \"y_start\": 1}, \"16-31_0_rgb(0,255,0)\": {\"color\": \"0,255,0\", \"x_offset\": 15, \"x_start\": 16, \"y_offset\": 1, \"y_start\": 0}, \"16-31_1_rgb(255,255,0)\": {\"color\": \"255,255,0\", \"x_offset\": 15, \"x_start\": 16, \"y_offset\": 1, \"y_start\": 1}}','2021-02-16 15:56:06','2021-03-02 15:01:21'),(2,1,1,'test','{\"0-61_0_rgb(185,0,184)\": {\"color\": \"185,0,184\", \"x_offset\": 61, \"x_start\": 0, \"y_offset\": 1, \"y_start\": 0}, \"0-61_1_rgb(0,0,255)\": {\"color\": \"0,0,255\", \"x_offset\": 61, \"x_start\": 0, \"y_offset\": 1, \"y_start\": 1}, \"0-61_2_rgb(0,173,0)\": {\"color\": \"0,173,0\", \"x_offset\": 61, \"x_start\": 0, \"y_offset\": 1, \"y_start\": 2}}','2021-02-17 19:06:50','2021-02-26 19:18:56');
/*!40000 ALTER TABLE `biblio_customcolors` ENABLE KEYS */;
UNLOCK TABLES;

--
-- Table structure for table `biblio_position`
--

DROP TABLE IF EXISTS `biblio_position`;
/*!40101 SET @saved_cs_client     = @@character_set_client */;
/*!40101 SET character_set_client = utf8 */;
CREATE TABLE `biblio_position` (
  `id_app` int(11) NOT NULL,
  `id_item` int(11) NOT NULL,
  `item_type` varchar(10) NOT NULL,
  `position` smallint(6) NOT NULL,
  `row` smallint(6) NOT NULL,
  `range` int(2) NOT NULL,
  `led_column` int(4) NOT NULL,
  `borrowed` tinyint(4) NOT NULL DEFAULT 0,
  PRIMARY KEY (`id_app`,`id_item`,`item_type`,`row`),
  KEY `range` (`range`),
  KEY `id_app_4` (`id_app`,`id_item`,`position`,`row`),
  KEY `id_app` (`id_app`,`id_item`,`item_type`,`borrowed`),
  KEY `id_app_3` (`id_app`,`item_type`,`row`,`led_column`),
  KEY `id_app_2` (`id_app`,`item_type`,`position`,`row`)
) ENGINE=InnoDB DEFAULT CHARSET=utf8;
/*!40101 SET character_set_client = @saved_cs_client */;

--
-- Dumping data for table `biblio_position`
--

LOCK TABLES `biblio_position` WRITE;
/*!40000 ALTER TABLE `biblio_position` DISABLE KEYS */;
INSERT INTO `biblio_position` VALUES (1,1,'book',4,1,2,7,0),(1,1,'static',1,1,1,20,0),(1,1,'static',1,2,1,20,0),(1,1,'static',1,3,1,20,0),(1,2,'book',29,1,1,47,0),(1,2,'static',2,1,1,41,0),(1,2,'static',2,2,1,41,0),(1,2,'static',2,3,1,41,0),(1,3,'book',5,1,2,9,0),(1,4,'book',13,1,1,22,0),(1,5,'book',10,2,1,13,0),(1,7,'book',6,1,1,11,0),(1,9,'book',37,1,1,58,0),(1,10,'book',40,1,1,61,0),(1,12,'book',28,2,1,34,0),(1,13,'book',1,1,3,0,0),(1,14,'book',34,1,1,54,0),(1,16,'book',2,1,2,3,0),(1,17,'book',7,1,1,12,0),(1,18,'book',31,1,1,49,0),(1,19,'book',8,1,2,13,0),(1,20,'book',9,1,2,15,0),(1,21,'book',10,1,1,17,0),(1,22,'book',11,1,2,18,0),(1,23,'book',28,1,1,46,0),(1,24,'book',27,1,2,44,0),(1,25,'book',3,1,2,5,0),(1,26,'book',18,1,1,30,0),(1,27,'book',19,1,1,31,0),(1,28,'book',20,1,1,32,0),(1,29,'book',12,1,1,21,0),(1,30,'book',13,2,1,16,0),(1,31,'book',36,1,2,56,0),(1,32,'book',35,1,1,55,0),(1,33,'book',16,1,3,26,0),(1,34,'book',33,1,2,52,0),(1,35,'book',26,1,2,42,0),(1,36,'book',23,1,3,36,0),(1,37,'book',24,1,1,39,0),(1,38,'book',30,1,1,48,0),(1,39,'book',35,2,2,42,0),(1,40,'book',21,1,1,33,0),(1,41,'book',15,1,2,24,0),(1,42,'book',32,1,2,50,0),(1,44,'book',22,1,2,34,0),(1,45,'book',11,2,1,14,0),(1,46,'book',38,1,1,59,0),(1,47,'book',2,2,1,2,0),(1,49,'book',17,3,1,36,0),(1,50,'book',4,2,1,4,0),(1,51,'book',5,2,2,5,0),(1,52,'book',1,2,2,0,0),(1,53,'book',9,2,1,12,0),(1,54,'book',21,3,1,44,0),(1,55,'book',12,2,1,15,0),(1,56,'book',14,2,1,17,0),(1,57,'book',15,2,1,18,0),(1,58,'book',17,1,1,29,0),(1,59,'book',8,2,1,11,0),(1,60,'book',6,2,3,7,0),(1,61,'book',7,2,1,10,0),(1,62,'book',16,2,1,19,0),(1,63,'book',19,2,1,23,0),(1,64,'book',20,2,1,24,0),(1,66,'book',21,2,2,25,0),(1,67,'book',22,2,2,27,0),(1,68,'book',23,2,1,29,0),(1,69,'book',24,2,1,30,0),(1,70,'book',25,2,1,31,0),(1,71,'book',26,2,1,32,0),(1,72,'book',27,2,1,33,0),(1,74,'book',14,1,1,23,0),(1,78,'book',17,2,1,21,0),(1,79,'book',33,2,1,39,0),(1,80,'book',34,2,1,40,0),(1,83,'book',36,2,3,44,0),(1,84,'book',18,2,1,22,0),(1,88,'book',37,2,1,47,0),(1,90,'book',25,1,1,40,0),(1,91,'book',38,2,2,48,0),(1,92,'book',39,2,1,50,0),(1,93,'book',40,2,2,51,0),(1,94,'book',41,2,3,53,0),(1,95,'book',42,2,2,56,0),(1,96,'book',43,2,4,58,0),(1,97,'book',1,3,3,0,0),(1,98,'book',2,3,2,3,0),(1,99,'book',3,3,3,5,0),(1,100,'book',4,3,3,8,0),(1,101,'book',5,3,2,11,0),(1,102,'book',6,3,2,13,0),(1,103,'book',7,3,2,15,0),(1,104,'book',8,3,2,17,0),(1,106,'book',9,3,1,19,0),(1,108,'book',11,3,1,23,0),(1,109,'book',12,3,1,24,0),(1,110,'book',15,3,3,30,0),(1,111,'book',16,3,3,33,0),(1,112,'book',13,3,3,25,0),(1,113,'book',14,3,2,28,0),(1,114,'book',29,2,1,35,0),(1,115,'book',30,2,1,36,0),(1,116,'book',31,2,1,37,0),(1,117,'book',32,2,1,38,0),(1,118,'book',19,3,1,42,0),(1,119,'book',22,3,2,45,0),(1,120,'book',23,3,2,47,0),(1,121,'book',24,3,2,49,0),(1,122,'book',25,3,1,51,0),(1,123,'book',27,3,2,53,0),(1,124,'book',26,3,1,52,0),(1,125,'book',20,3,1,43,0),(1,127,'book',28,3,1,55,0),(1,128,'book',29,3,2,56,0),(1,129,'book',3,2,1,3,0),(1,130,'book',30,3,1,58,0),(1,131,'book',31,3,1,59,0),(1,132,'book',32,3,1,60,0),(1,133,'book',33,3,1,61,0),(1,143,'book',39,1,1,60,0),(1,192,'book',10,3,2,21,0),(1,193,'book',18,3,4,37,0),(2,1,'static',1,1,1,0,0),(2,1,'static',1,2,1,0,0),(2,2,'static',2,1,1,31,0),(2,2,'static',2,2,1,31,0),(2,43,'book',11,1,1,20,0),(2,145,'book',7,1,2,11,0),(2,186,'book',2,1,2,4,0),(2,187,'book',1,1,3,1,0),(2,188,'book',8,1,3,13,0),(2,190,'book',4,1,1,7,0),(2,194,'book',5,1,1,8,0),(2,195,'book',6,1,2,9,0),(2,196,'book',3,1,1,6,0),(2,198,'book',10,1,2,18,0),(2,199,'book',12,1,1,21,0),(2,200,'book',13,1,1,22,0),(2,201,'book',14,1,2,23,0),(2,202,'book',15,1,2,25,0),(2,203,'book',16,1,2,27,0),(2,204,'book',17,1,2,29,0),(2,205,'book',1,2,3,1,0),(2,206,'book',2,2,3,4,0),(2,207,'book',3,2,1,7,0),(2,208,'book',4,2,2,8,0),(2,209,'book',5,2,3,10,0),(2,210,'book',6,2,3,13,0),(2,211,'book',7,2,4,16,0),(2,212,'book',8,2,2,20,0),(2,213,'book',10,2,3,24,0),(2,214,'book',11,2,2,27,0),(2,215,'book',9,1,2,16,0),(2,216,'book',12,2,1,29,0),(2,217,'book',13,2,2,30,0),(2,222,'book',9,2,2,22,0),(3,147,'book',1,1,3,0,0),(3,148,'book',2,1,1,3,0),(3,149,'book',3,1,1,4,0),(3,150,'book',4,1,2,5,0),(3,151,'book',5,1,1,7,0),(3,152,'book',6,1,2,8,0),(3,153,'book',7,1,3,10,1),(3,154,'book',8,1,1,13,0),(3,155,'book',9,1,1,14,0),(3,156,'book',10,1,2,15,0),(3,157,'book',11,1,2,17,0),(3,158,'book',12,1,1,19,0),(3,159,'book',13,1,3,20,0),(3,160,'book',14,1,2,23,0),(3,161,'book',15,1,1,25,0),(3,162,'book',16,1,1,26,0),(3,163,'book',17,1,1,27,0),(3,164,'book',18,1,1,28,0),(3,165,'book',19,1,2,29,0),(3,166,'book',20,1,1,31,0),(3,167,'book',21,1,2,32,0),(3,168,'book',22,1,2,34,0),(3,169,'book',23,1,2,36,0),(3,170,'book',24,1,1,38,0),(3,171,'book',25,1,1,39,0),(3,172,'book',26,1,2,40,0),(3,173,'book',27,1,2,42,0),(3,174,'book',28,1,2,44,0),(3,175,'book',29,1,1,46,0),(3,176,'book',1,2,1,0,0),(3,177,'book',2,2,1,1,0),(3,178,'book',3,2,2,2,0),(3,179,'book',4,2,2,4,0);
/*!40000 ALTER TABLE `biblio_position` ENABLE KEYS */;
UNLOCK TABLES;

--
-- Table structure for table `biblio_request`
--

DROP TABLE IF EXISTS `biblio_request`;
/*!40101 SET @saved_cs_client     = @@character_set_client */;
/*!40101 SET character_set_client = utf8 */;
CREATE TABLE `biblio_request` (
  `id_app` int(11) NOT NULL,
  `id_node` int(11) NOT NULL,
  `id_tag` int(11) DEFAULT NULL,
  `color` varchar(16) DEFAULT NULL,
  `node_type` varchar(10) NOT NULL DEFAULT 'book',
  `column` smallint(5) NOT NULL,
  `row` smallint(5) NOT NULL,
  `range` smallint(5) NOT NULL,
  `date_add` datetime NOT NULL DEFAULT current_timestamp(),
  `sent` tinyint(4) NOT NULL DEFAULT 0,
  `led_column` int(5) NOT NULL,
  `action` enum('add','remove') NOT NULL,
  `client` varchar(10) NOT NULL DEFAULT 'server',
  PRIMARY KEY (`id_app`,`row`,`range`,`led_column`),
  KEY `id_app` (`id_app`,`id_node`,`node_type`),
  KEY `id_app_4` (`id_app`,`client`),
  KEY `id_app_5` (`id_app`,`client`,`action`),
  KEY `biblio_request_id_app_IDX` (`id_app`,`action`) USING BTREE,
  KEY `biblio_hasRequest` (`id_app`,`column`,`row`,`action`) USING BTREE,
  KEY `biblio_request_hasTag` (`id_app`,`id_tag`,`action`) USING BTREE,
  KEY `biblio_request_isSent` (`id_app`,`sent`,`action`) USING BTREE
) ENGINE=InnoDB DEFAULT CHARSET=utf8;
/*!40101 SET character_set_client = @saved_cs_client */;

--
-- Dumping data for table `biblio_request`
--

LOCK TABLES `biblio_request` WRITE;
/*!40000 ALTER TABLE `biblio_request` DISABLE KEYS */;
/*!40000 ALTER TABLE `biblio_request` ENABLE KEYS */;
UNLOCK TABLES;

--
-- Temporary table structure for view `biblio_search`
--

DROP TABLE IF EXISTS `biblio_search`;
/*!50001 DROP VIEW IF EXISTS `biblio_search`*/;
SET @saved_cs_client     = @@character_set_client;
SET character_set_client = utf8;
/*!50001 CREATE TABLE `biblio_search` (
  `id_app` tinyint NOT NULL,
  `id` tinyint NOT NULL,
  `title` tinyint NOT NULL,
  `author` tinyint NOT NULL,
  `editor` tinyint NOT NULL,
  `description` tinyint NOT NULL,
  `tags` tinyint NOT NULL
) ENGINE=MyISAM */;
SET character_set_client = @saved_cs_client;

--
-- Table structure for table `biblio_tag_node`
--

DROP TABLE IF EXISTS `biblio_tag_node`;
/*!40101 SET @saved_cs_client     = @@character_set_client */;
/*!40101 SET character_set_client = utf8 */;
CREATE TABLE `biblio_tag_node` (
  `node_type` varchar(10) NOT NULL,
  `id_node` int(11) NOT NULL,
  `id_tag` int(11) NOT NULL,
  UNIQUE KEY `node_type` (`node_type`,`id_node`,`id_tag`)
) ENGINE=InnoDB DEFAULT CHARSET=utf8;
/*!40101 SET character_set_client = @saved_cs_client */;

--
-- Dumping data for table `biblio_tag_node`
--

LOCK TABLES `biblio_tag_node` WRITE;
/*!40000 ALTER TABLE `biblio_tag_node` DISABLE KEYS */;
INSERT INTO `biblio_tag_node` VALUES ('book',1,1),('book',1,20),('book',1,28),('book',2,3),('book',2,21),('book',3,4),('book',3,20),('book',3,28),('book',4,5),('book',4,6),('book',4,7),('book',4,25),('book',4,67),('book',5,9),('book',5,10),('book',5,26),('book',5,28),('book',6,11),('book',6,24),('book',6,26),('book',7,12),('book',7,27),('book',7,67),('book',9,3),('book',9,21),('book',10,15),('book',10,21),('book',11,9),('book',11,22),('book',11,28),('book',12,17),('book',12,22),('book',12,28),('book',13,18),('book',13,67),('book',13,70),('book',14,21),('book',14,29),('book',15,30),('book',15,31),('book',15,67),('book',16,20),('book',16,28),('book',16,32),('book',17,33),('book',17,73),('book',18,1),('book',18,21),('book',18,34),('book',18,35),('book',19,36),('book',19,37),('book',19,38),('book',19,43),('book',20,31),('book',20,39),('book',20,43),('book',21,40),('book',21,42),('book',22,41),('book',22,42),('book',22,143),('book',23,3),('book',23,21),('book',24,3),('book',24,21),('book',25,20),('book',25,28),('book',25,44),('book',26,31),('book',26,45),('book',26,67),('book',27,46),('book',27,67),('book',27,68),('book',28,47),('book',28,67),('book',28,68),('book',29,48),('book',29,67),('book',29,68),('book',30,49),('book',30,50),('book',30,69),('book',31,21),('book',31,51),('book',32,21),('book',32,52),('book',33,53),('book',33,67),('book',33,72),('book',34,21),('book',34,54),('book',34,74),('book',35,3),('book',35,21),('book',36,8),('book',36,55),('book',36,67),('book',37,56),('book',37,70),('book',38,3),('book',38,21),('book',39,28),('book',39,57),('book',40,58),('book',40,67),('book',40,71),('book',41,59),('book',41,75),('book',42,21),('book',42,60),('book',42,70),('book',43,20),('book',43,28),('book',43,61),('book',44,27),('book',44,62),('book',44,63),('book',44,64),('book',44,67),('book',45,9),('book',45,22),('book',45,28),('book',46,21),('book',46,65),('book',46,66),('book',47,28),('book',47,72),('book',47,76),('book',48,43),('book',48,77),('book',48,78),('book',48,81),('book',49,43),('book',49,79),('book',49,80),('book',50,42),('book',50,82),('book',50,83),('book',51,42),('book',51,84),('book',51,85),('book',52,86),('book',53,10),('book',53,26),('book',53,42),('book',54,26),('book',54,87),('book',55,26),('book',55,88),('book',56,10),('book',56,26),('book',57,26),('book',57,89),('book',58,31),('book',58,67),('book',58,90),('book',59,28),('book',59,75),('book',60,42),('book',60,92),('book',60,143),('book',61,75),('book',61,93),('book',62,43),('book',62,67),('book',62,91),('book',63,21),('book',63,95),('book',64,21),('book',64,96),('book',66,21),('book',66,97),('book',66,98),('book',67,21),('book',67,99),('book',68,20),('book',68,28),('book',68,100),('book',69,20),('book',69,28),('book',69,101),('book',70,20),('book',70,28),('book',70,102),('book',71,28),('book',71,71),('book',71,103),('book',72,20),('book',72,28),('book',72,104),('book',74,31),('book',74,67),('book',74,105),('book',76,106),('book',76,107),('book',76,108),('book',77,108),('book',77,109),('book',77,110),('book',77,111),('book',78,43),('book',78,67),('book',78,112),('book',79,122),('book',80,122),('book',81,21),('book',81,113),('book',82,22),('book',82,28),('book',82,114),('book',83,21),('book',83,115),('book',84,42),('book',84,139),('book',88,21),('book',88,119),('book',90,121),('book',90,122),('book',91,14),('book',91,21),('book',92,3),('book',92,21),('book',93,21),('book',93,120),('book',94,21),('book',94,120),('book',95,21),('book',95,123),('book',96,21),('book',96,120),('book',97,42),('book',97,124),('book',97,143),('book',98,26),('book',98,42),('book',98,125),('book',98,126),('book',98,127),('book',99,42),('book',99,128),('book',99,143),('book',100,42),('book',100,128),('book',100,143),('book',101,42),('book',101,130),('book',101,131),('book',101,132),('book',101,133),('book',101,134),('book',101,143),('book',102,42),('book',102,135),('book',102,143),('book',103,42),('book',103,75),('book',103,136),('book',104,26),('book',104,42),('book',104,137),('book',105,42),('book',105,138),('book',105,139),('book',106,42),('book',106,140),('book',106,145),('book',107,42),('book',107,139),('book',107,141),('book',108,42),('book',108,142),('book',108,143),('book',109,42),('book',109,143),('book',109,144),('book',110,146),('book',111,146),('book',112,43),('book',112,145),('book',112,147),('book',113,43),('book',113,148),('book',114,75),('book',114,149),('book',115,26),('book',115,75),('book',116,75),('book',116,150),('book',117,26),('book',117,151),('book',118,26),('book',118,150),('book',119,75),('book',119,152),('book',120,75),('book',120,153),('book',121,75),('book',121,154),('book',122,26),('book',122,155),('book',123,69),('book',123,150),('book',124,26),('book',124,156),('book',125,26),('book',125,150),('book',126,21),('book',126,157),('book',127,67),('book',127,71),('book',127,158),('book',128,108),('book',128,159),('book',129,26),('book',129,72),('book',129,160),('book',130,67),('book',130,139),('book',130,161),('book',131,69),('book',131,162),('book',131,163),('book',132,28),('book',132,150),('book',133,108),('book',133,120),('book',134,22),('book',134,164),('book',134,165),('book',137,28),('book',137,167),('book',138,28),('book',138,168),('book',139,28),('book',139,169),('book',140,170),('book',141,171),('book',142,21),('book',142,172),('book',143,21),('book',143,173),('book',145,20),('book',145,74),('book',145,174),('book',146,175),('book',147,176),('book',147,177),('book',148,178),('book',148,179),('book',149,180),('book',149,181),('book',150,181),('book',150,182),('book',151,183),('book',151,188),('book',152,177),('book',152,184),('book',152,188),('book',153,177),('book',153,189),('book',153,221),('book',154,120),('book',154,177),('book',155,177),('book',155,190),('book',156,191),('book',157,177),('book',157,192),('book',157,193),('book',157,194),('book',157,195),('book',157,196),('book',158,188),('book',158,197),('book',158,198),('book',159,179),('book',159,199),('book',160,200),('book',161,69),('book',161,201),('book',162,202),('book',162,203),('book',163,204),('book',163,205),('book',164,206),('book',165,207),('book',165,222),('book',166,208),('book',167,209),('book',168,177),('book',168,210),('book',168,221),('book',169,181),('book',169,211),('book',170,212),('book',170,222),('book',171,177),('book',171,213),('book',172,21),('book',172,214),('book',173,21),('book',173,214),('book',174,188),('book',174,215),('book',174,216),('book',175,177),('book',175,217),('book',176,218),('book',176,219),('book',177,180),('book',177,181),('book',178,120),('book',178,181),('book',179,20),('book',179,220),('book',183,223),('book',186,20),('book',186,225),('book',187,20),('book',187,28),('book',187,224),('book',187,227),('book',188,20),('book',188,226),('book',190,22),('book',190,28),('book',190,229),('book',191,1),('book',191,230),('book',192,231),('book',193,42),('book',193,120),('book',194,20),('book',194,22),('book',194,229),('book',195,20),('book',195,229),('book',196,22),('book',196,229),('book',197,31),('book',197,67),('book',197,234),('book',197,235),('book',198,20),('book',198,236),('book',199,28),('book',199,237),('book',200,28),('book',200,238),('book',201,20),('book',201,22),('book',201,239),('book',202,20),('book',202,240),('book',203,20),('book',203,241),('book',204,67),('book',204,243),('book',205,244),('book',205,245),('book',205,246),('book',206,67),('book',206,146),('book',206,251),('book',207,20),('book',207,248),('book',208,67),('book',208,68),('book',208,250),('book',208,263),('book',209,20),('book',209,252),('book',210,1),('book',210,20),('book',211,1),('book',211,20),('book',212,1),('book',212,20),('book',213,67),('book',213,253),('book',214,67),('book',214,254),('book',215,68),('book',215,255),('book',215,256),('book',216,11),('book',216,246),('book',217,257),('book',217,264),('book',218,25),('book',218,258),('book',219,222),('book',219,259),('book',220,222),('book',220,260),('book',220,261),('book',221,222),('book',221,262),('book',222,265);
/*!40000 ALTER TABLE `biblio_tag_node` ENABLE KEYS */;
UNLOCK TABLES;

--
-- Table structure for table `biblio_tag_user`
--

DROP TABLE IF EXISTS `biblio_tag_user`;
/*!40101 SET @saved_cs_client     = @@character_set_client */;
/*!40101 SET character_set_client = utf8 */;
CREATE TABLE `biblio_tag_user` (
  `id_tag` int(11) NOT NULL,
  `id_user` int(11) NOT NULL,
  `color` varchar(16) DEFAULT NULL,
  PRIMARY KEY (`id_tag`,`id_user`),
  UNIQUE KEY `biblio_tag_user_id_tag_IDX` (`id_tag`,`id_user`) USING BTREE
) ENGINE=InnoDB DEFAULT CHARSET=utf8 COMMENT='tag customize color for user';
/*!40101 SET character_set_client = @saved_cs_client */;

--
-- Dumping data for table `biblio_tag_user`
--

LOCK TABLES `biblio_tag_user` WRITE;
/*!40000 ALTER TABLE `biblio_tag_user` DISABLE KEYS */;
INSERT INTO `biblio_tag_user` VALUES (8,1,NULL),(20,1,'0,130,0'),(20,2,NULL),(21,1,'255,103,0'),(21,2,'255,103,0'),(22,1,'196,0,185'),(24,1,NULL),(25,1,NULL),(26,1,'64,64,64'),(27,1,NULL),(28,1,'0,139,139'),(31,1,'144,0,120'),(42,1,'132,0,40'),(43,1,'27,95,0'),(67,1,'138,0,189'),(68,1,'255,133,163'),(69,1,NULL),(69,2,NULL),(70,1,'102,176,50'),(71,1,NULL),(72,1,NULL),(73,1,NULL),(74,1,'0,86,125'),(75,1,'0,178,255'),(81,1,'114,79,12'),(86,1,NULL),(108,1,NULL),(122,1,NULL),(139,1,NULL),(143,1,'91,0,0'),(145,1,'27,3,81'),(146,1,NULL),(177,2,'184,0,0'),(179,2,NULL),(181,2,'112,194,0'),(188,2,NULL),(203,2,NULL),(205,2,NULL),(221,2,NULL),(222,1,NULL),(222,2,NULL),(228,1,NULL),(246,1,'240,150,0'),(264,1,NULL);
/*!40000 ALTER TABLE `biblio_tag_user` ENABLE KEYS */;
UNLOCK TABLES;

--
-- Table structure for table `biblio_tags`
--

DROP TABLE IF EXISTS `biblio_tags`;
/*!40101 SET @saved_cs_client     = @@character_set_client */;
/*!40101 SET character_set_client = utf8 */;
CREATE TABLE `biblio_tags` (
  `id` int(11) NOT NULL AUTO_INCREMENT,
  `tag` varchar(255) NOT NULL,
  `id_taxonomy` int(11) NOT NULL,
  `color` varchar(16) DEFAULT NULL,
  PRIMARY KEY (`id`),
  UNIQUE KEY `tag` (`tag`),
  KEY `id_taxonomy` (`id_taxonomy`),
  KEY `color` (`color`)
) ENGINE=InnoDB AUTO_INCREMENT=266 DEFAULT CHARSET=utf8;
/*!40101 SET character_set_client = @saved_cs_client */;

--
-- Dumping data for table `biblio_tags`
--

LOCK TABLES `biblio_tags` WRITE;
/*!40000 ALTER TABLE `biblio_tags` DISABLE KEYS */;
INSERT INTO `biblio_tags` VALUES (1,'Auster Paul',2,NULL),(2,'Fiction',1,NULL),(3,'Sattouf Riad',2,NULL),(4,'Ono-Dit-Biot Christophe',2,NULL),(5,'Amouretti Marie-Claire',2,NULL),(6,'Ruzé Françoise',2,NULL),(7,'Jockey Philippe',2,NULL),(8,'History / Ancient / General',1,NULL),(9,'Bobin Christian',2,NULL),(10,'Boubat Edouard',2,NULL),(11,'Barthes Roland',2,NULL),(12,'Hazard Paul',2,NULL),(13,'Gall Le Frank',2,NULL),(14,'Trondheim Lewis',2,NULL),(15,'Gotlib',2,NULL),(16,'Body, Mind & Spirit',1,NULL),(17,'Hugo Victor',2,NULL),(18,'Piketty Thomas',2,NULL),(19,'Business & Economics / General',1,NULL),(20,'Roman',1,NULL),(21,'Comics',1,'255,103,0'),(22,'Poésie',1,NULL),(24,'Essai',1,NULL),(25,'Histoire ancienne',1,NULL),(26,'Photographie',1,'64,64,64'),(27,'Histoire moderne',1,NULL),(28,'Littérature',1,'0,139,139'),(29,'Jul',2,NULL),(30,'Fride Bernard',2,NULL),(31,'Histoire contemporaine',1,NULL),(32,'Houellebecq Michel',2,NULL),(33,'Benveniste Émile',2,NULL),(34,'Karasik Paul',2,NULL),(35,'Mazzucchelli David',2,NULL),(36,'Ronsin Albert',2,NULL),(37,'Houot Bernard',2,NULL),(38,'Litaize Alain',2,NULL),(39,'Pétré-Grenouilleau Olivier',2,NULL),(40,'Jones Alison',2,NULL),(41,'Partsch Susanna',2,NULL),(42,'Art',1,'132,0,40'),(43,'Géographie',1,'27,95,0'),(44,'Cognetti Paolo',2,NULL),(45,'Bron Jean',2,NULL),(46,'Veyne Paul',2,NULL),(47,'Braudel Fernand',2,NULL),(48,'Prost Antoine',2,NULL),(49,'Melman Charles',2,NULL),(50,'Lebrun Jean-Pierre',2,NULL),(51,'Shlaes Amity',2,NULL),(52,'Cadène Thomas',2,NULL),(53,'Stéphane Bernard',2,NULL),(54,'Kleist Reinhard',2,NULL),(55,'Boucheron Patrick',2,NULL),(56,'Cohen Daniel',2,NULL),(57,'Day David',2,NULL),(58,'Nelli René',2,NULL),(59,'Godard Jean-Luc',2,NULL),(60,'Goodwin Michael',2,NULL),(61,'Rolin Olivier',2,NULL),(62,'Mousnier Roland',2,NULL),(63,'Labrousse Ernest Camille',2,NULL),(64,'Bouloiseau Marc',2,NULL),(65,'Tardi Jacques',2,NULL),(66,'Vautrin Jean',2,NULL),(67,'Histoire',1,'138,0,189'),(68,'Historiographie',1,NULL),(69,'Psychologie',1,NULL),(70,'Economie',1,'102,176,50'),(71,'Histoire médiévale',1,NULL),(72,'Paris',1,NULL),(73,'Linguistique',1,NULL),(74,'Biographie',1,NULL),(75,'Cinéma',1,'0,178,255'),(76,'Murat Laure',2,NULL),(77,'Tolna de Festetics Rodolphe',2,NULL),(78,'Ferloni Julia',2,NULL),(79,'Serryn Pierre',2,NULL),(80,'Blasselle René',2,NULL),(81,'Anthroplogie',1,'114,79,51'),(82,'Spoerri Daniel',2,NULL),(83,'Levy Thomas',2,NULL),(84,'Cherix Christophe',2,NULL),(85,'Dippel Rini',2,NULL),(86,'Musiques',1,NULL),(87,'Salgado Sebastião',2,NULL),(88,'Cuisinier Henri Alphonse',2,NULL),(89,'Quesney Daniel',2,NULL),(90,'Nataf André',2,NULL),(91,'Chaumont Jean',2,NULL),(92,'Doré Gustave',2,NULL),(93,'Gili A. Jean',2,NULL),(94,'Performing Arts / Individual Director',1,NULL),(95,'Floc\'h Le Bruno',2,NULL),(96,'Tronchet',2,NULL),(97,'Lehman Serge',2,NULL),(98,'Peeters Frederik',2,NULL),(99,'Backderf Derf',2,NULL),(100,'POUCHET Victor',2,NULL),(101,'Arditi Metin',2,NULL),(102,'Sandre Yves',2,NULL),(103,'Chevallier Claude-Alain',2,NULL),(104,'Twain Mark',2,NULL),(105,'Girault Jacques',2,NULL),(106,'Chenebault Christophe',2,NULL),(107,'Rabhi Pierre',2,NULL),(108,'Sciences sociales',1,NULL),(109,'Harribey Jean-Marie',2,NULL),(110,'Khalfa Pierre',2,NULL),(111,'Trouvé Aurélie',2,NULL),(112,'Guillou Anne',2,NULL),(113,'Schlingo Charlie',2,NULL),(114,'Frey Alain',2,NULL),(115,'Cabu',2,NULL),(116,'Bollée LF',2,NULL),(117,'Fino Serge',2,NULL),(118,'Giroud',2,NULL),(119,'Manara Milo',2,NULL),(120,'Anonimo',2,NULL),(121,'Cavanna',2,NULL),(122,'Presse',1,NULL),(123,'Schulz M. Charles',2,NULL),(124,'Mornand Pierre',2,NULL),(125,'Schröder Klaus Faber, Monika',2,NULL),(126,'Faber Monika',2,NULL),(127,'Schröder Klaus',2,NULL),(128,'Cogniat Raymond',2,NULL),(130,'Carluccio',2,NULL),(131,'Leymarie',2,NULL),(132,'Negri',2,NULL),(133,'Russoli',2,NULL),(134,'Brunhammer',2,NULL),(135,'Mathieu Pierre-Louis',2,NULL),(136,'Auzel Dominique',2,NULL),(137,'Kozloff Max',2,NULL),(138,'Carpiceci Alberto',2,NULL),(139,'Archéologie',1,NULL),(140,'Mountfield David',2,NULL),(141,'Millet Christian',2,NULL),(142,'Thomson Belinda',2,NULL),(143,'Peinture',1,'91,0,0'),(144,'Lambert Gilles',2,NULL),(145,'Architecture',1,NULL),(146,'Dictionnaire',1,NULL),(147,'Pranlas-Descours Jean-Pierre',2,NULL),(148,'Piboubès Raoul',2,NULL),(149,'Boujut Michel',2,NULL),(150,'Collectif',2,NULL),(151,'Meyer-Plantureux Chantal',2,NULL),(152,'Eisenschitz Bernard',2,NULL),(153,'Ceram W. C.',2,NULL),(154,'Astruc Alexandre',2,NULL),(155,'Doisneau Robert',2,NULL),(156,'Ferrières de Michel',2,NULL),(157,'Fabcaro',2,NULL),(158,'Goff Le Jacques',2,NULL),(159,'Adler Alexandre',2,NULL),(160,'Caracalla Jean-Paul',2,NULL),(161,'Anati Emmanuel',2,NULL),(162,'Bessis Henriette',2,NULL),(163,'Clancier Anne',2,NULL),(164,'Bervas-Leroux Anne',2,NULL),(165,'Leroux Bruno',2,NULL),(166,'Seghers Pierre',2,NULL),(167,'Ducasse Lucien Isidore',2,NULL),(168,'Manguel Alberto',2,NULL),(169,'Süskind Patrick',2,NULL),(170,'Kieffer Nicolas',2,NULL),(171,'Salomé Jacques',2,NULL),(172,'Briac',2,NULL),(173,'Bilal Enki',2,NULL),(174,'Bon François',2,NULL),(175,'Bard Patrick',2,NULL),(176,'Oram Andy',2,NULL),(177,'Programming',1,'184,0,0'),(178,'Foster Dean Alan',2,NULL),(179,'Science Fiction',1,NULL),(180,'Kerfourn François',2,NULL),(181,'Scop',1,'112,194,0'),(182,'Ornano d\' Pierre',2,NULL),(183,'Goossens Michel',2,NULL),(184,'Wiedemann Julius',2,NULL),(185,'Art / Digital',1,NULL),(186,'Computers / Web / Design',1,NULL),(187,'Computers / Web / Web Programming',1,NULL),(188,'Design / General',1,NULL),(189,'Blaess Christophe',2,NULL),(190,'Igoe Tom',2,NULL),(191,'Bear Greg',2,NULL),(192,'Cameron Debra',2,NULL),(193,'Elliott James',2,NULL),(194,'Loy Marc',2,NULL),(195,'Raymond Eric',2,NULL),(196,'Rosenblatt Bill',2,NULL),(197,'Zeldman Jeffrey',2,NULL),(198,'Marcotte Ethan',2,NULL),(199,'Simmons Dan',2,NULL),(200,'Gracian Baltasa',2,NULL),(201,'Ruiz Miguel Don',2,NULL),(202,'Bing Alison',2,NULL),(203,'Guide',1,NULL),(204,'Beard Tyler',2,NULL),(205,'Photography / Subjects & Themes / Fashion',1,NULL),(206,'Almossawi Ali',2,NULL),(207,'Biagini Cédric',2,NULL),(208,'Weinersmith Zach',2,NULL),(209,'Zumstein Kerstin',2,NULL),(210,'Rubini Alessandro',2,NULL),(211,'Liret Pierre',2,NULL),(212,'Publishing Haren Van',2,NULL),(213,'Platt Charles',2,NULL),(214,'Laurel',2,NULL),(215,'Sydik Jeremy',2,NULL),(216,'Sydik J. Jeremy',2,NULL),(217,'Flickenger Rob',2,NULL),(218,'(France) awards brother Big',2,NULL),(219,'awards brother Big',2,NULL),(220,'Pollen Bella',2,NULL),(221,'Linux',1,NULL),(222,'Numérique',1,NULL),(223,'Mitterrand Frédéric',2,NULL),(224,'Schulman Aline',2,NULL),(225,'Guin Le Ursula',2,NULL),(226,'Franzen Jonathan',2,NULL),(227,'Cervantes de Miguel',2,NULL),(228,'',1,NULL),(229,'Cave Nick',2,NULL),(230,'Boeuf Le Christine',2,NULL),(231,'Bresson Cartier Henri',2,NULL),(234,'Kumar Shiva',2,NULL),(235,'Greene Joshua',2,NULL),(236,'Connelly Michael',2,NULL),(237,'Salvayre Lydie',2,NULL),(238,'Moretti Franco',2,NULL),(239,'Dhôtel André',2,NULL),(240,'Lennon Robert J.',2,NULL),(241,'Tesich Steve',2,NULL),(243,'Yates Frances',2,NULL),(244,'Bourdieu Pierre',2,NULL),(245,'Accardo Alain',2,NULL),(246,'Sociologie',1,NULL),(248,'Gibson F. William',2,NULL),(250,'Chartier Roger',2,NULL),(251,'Gerard André-Marie',2,NULL),(252,'Noguez Dominique',2,NULL),(253,'Tristan Frédérick',2,NULL),(254,'Girard René',2,NULL),(255,'Audoin-Rouzeau Stéphane',2,NULL),(256,'Sales Véronique',2,NULL),(257,'Godeau Jérôme',2,NULL),(258,'Guen-Pollet Le Brigitte',2,NULL),(259,'Boucher Amélie',2,NULL),(260,'Patonnier Jérémie',2,NULL),(261,'Rigot Rudy',2,NULL),(262,'Schiper André',2,NULL),(263,' Chartier Roger',2,NULL),(264,'Musées',1,NULL),(265,'Ingelman-Sundberg Catharina',2,NULL);
/*!40000 ALTER TABLE `biblio_tags` ENABLE KEYS */;
UNLOCK TABLES;

--
-- Table structure for table `biblio_taxonomy`
--

DROP TABLE IF EXISTS `biblio_taxonomy`;
/*!40101 SET @saved_cs_client     = @@character_set_client */;
/*!40101 SET character_set_client = utf8 */;
CREATE TABLE `biblio_taxonomy` (
  `id` int(11) NOT NULL AUTO_INCREMENT,
  `label` varchar(64) NOT NULL,
  PRIMARY KEY (`id`)
) ENGINE=InnoDB AUTO_INCREMENT=3 DEFAULT CHARSET=utf8;
/*!40101 SET character_set_client = @saved_cs_client */;

--
-- Dumping data for table `biblio_taxonomy`
--

LOCK TABLES `biblio_taxonomy` WRITE;
/*!40000 ALTER TABLE `biblio_taxonomy` DISABLE KEYS */;
INSERT INTO `biblio_taxonomy` VALUES (1,'Categories'),(2,'Authors');
/*!40000 ALTER TABLE `biblio_taxonomy` ENABLE KEYS */;
UNLOCK TABLES;

--
-- Table structure for table `biblio_user`
--

DROP TABLE IF EXISTS `biblio_user`;
/*!40101 SET @saved_cs_client     = @@character_set_client */;
/*!40101 SET character_set_client = utf8 */;
CREATE TABLE `biblio_user` (
  `id` int(11) NOT NULL AUTO_INCREMENT,
  `email` varchar(255) NOT NULL,
  `hash_email` varchar(100) NOT NULL,
  `password` varchar(255) NOT NULL,
  `firstname` varchar(255) NOT NULL,
  `lastname` varchar(255) DEFAULT NULL,
  `created_at` datetime NOT NULL DEFAULT current_timestamp(),
  `updated_at` datetime NOT NULL DEFAULT current_timestamp() ON UPDATE current_timestamp(),
  PRIMARY KEY (`id`),
  UNIQUE KEY `email` (`email`),
  UNIQUE KEY `hash_email` (`hash_email`),
  KEY `email_2` (`email`,`password`)
) ENGINE=InnoDB AUTO_INCREMENT=6 DEFAULT CHARSET=utf8;
/*!40101 SET character_set_client = @saved_cs_client */;

--
-- Dumping data for table `biblio_user`
--

LOCK TABLES `biblio_user` WRITE;
/*!40000 ALTER TABLE `biblio_user` DISABLE KEYS */;
INSERT INTO `biblio_user` VALUES (1,'emmanuel.mazurier@gmail.com','4cc09b703c1bf0b5e6ae406cd16c3a9c','pbkdf2:sha256:150000$nYxYgddg$0474a53436f1b30e0a64fc5202a2c4ff501eadcf9bc89f047f3c295e973eee45','manu','Mazurier ','2020-10-03 23:26:43','2020-10-03 23:34:23'),(2,'pierre.arlais@bearstech.com','c2914459c0d6ae55c3ec2388553efbe7','pbkdf2:sha256:150000$NGOBgAGc$3c8d483eca427770608cfe06cb39fb88495c7f05823dcbb9b3bfbfa3d5204ad0','Pierre','Arlais','2020-10-03 23:26:43','2020-10-03 23:27:01'),(3,'amira649@mix-mail.online\r\n','140bae48ce140bccbf430b9a84e6a2c3','pbkdf2:sha256:150000$ef7D2TeT$0844f17d3fd948de166e0e4a37bf8179718ff3c7fbc2db513796a75aabb3d96e','rigsHew','rigsHew','2020-10-21 06:51:51','2020-10-21 06:51:51'),(4,'artyomsafonov1991870488l+vte@inbox.ru','356df43a03ccd54a931aaeea246f42a0','pbkdf2:sha256:150000$qSPa3x4h$2d08de984fbee74ece33d900b420f838122985e481172ed4abc437ba0d763eb2','Nmvjefbjedddskhfugfhisjdiubgufihwsdjwsu ifhsidjiswfhdueihfiehifeji ifheidfheidhfiehfiejofejgi jfoedjfoejdgiehdfocjfdenghirho https://mail.ru/?bvncdbjdfjdfh=rhfidbvgjf','Nmvjefbjedddskhfugfhisjdiubgufihwsdjwsu ifhsidjiswfhdueihfiehifeji ifheidfheidhfiehfiejofejgi jfoedjfoejdgiehdfocjfdenghirho https://mail.ru/?bvncdbjdfjdfh=rhfidbvgjf','2020-11-24 08:43:18','2020-11-24 08:43:18'),(5,'pinupcasino111@gmail.com','ac30da092b7e3e6312253c466d68beb3','pbkdf2:sha256:150000$ZFXuFdKv$365e3d9dde35695d55d503e47edc8e82d685f4b128c0827a4a41f855922ed08d','pinupcasinoo','pinupcasinoo','2021-03-07 10:29:03','2021-03-07 10:29:03');
/*!40000 ALTER TABLE `biblio_user` ENABLE KEYS */;
UNLOCK TABLES;

--
-- Table structure for table `biblio_user_app`
--

DROP TABLE IF EXISTS `biblio_user_app`;
/*!40101 SET @saved_cs_client     = @@character_set_client */;
/*!40101 SET character_set_client = utf8 */;
CREATE TABLE `biblio_user_app` (
  `id_user` int(11) NOT NULL,
  `id_app` int(11) NOT NULL,
  PRIMARY KEY (`id_user`,`id_app`)
) ENGINE=InnoDB DEFAULT CHARSET=utf8;
/*!40101 SET character_set_client = @saved_cs_client */;

--
-- Dumping data for table `biblio_user_app`
--

LOCK TABLES `biblio_user_app` WRITE;
/*!40000 ALTER TABLE `biblio_user_app` DISABLE KEYS */;
INSERT INTO `biblio_user_app` VALUES (1,1),(1,2),(2,3);
/*!40000 ALTER TABLE `biblio_user_app` ENABLE KEYS */;
UNLOCK TABLES;

--
-- Dumping routines for database 'bibliobus'
--

--
-- Final view structure for view `biblio_search`
--

/*!50001 DROP TABLE IF EXISTS `biblio_search`*/;
/*!50001 DROP VIEW IF EXISTS `biblio_search`*/;
/*!50001 SET @saved_cs_client          = @@character_set_client */;
/*!50001 SET @saved_cs_results         = @@character_set_results */;
/*!50001 SET @saved_col_connection     = @@collation_connection */;
/*!50001 SET character_set_client      = utf8mb4 */;
/*!50001 SET character_set_results     = utf8mb4 */;
/*!50001 SET collation_connection      = utf8mb4_general_ci */;
/*!50001 CREATE ALGORITHM=UNDEFINED */
/*!50013 DEFINER=`bibliobus`@`localhost` SQL SECURITY DEFINER */
/*!50001 VIEW `biblio_search` AS select `p`.`id_app` AS `id_app`,`b`.`id` AS `id`,`b`.`title` AS `title`,`b`.`author` AS `author`,`b`.`editor` AS `editor`,`b`.`description` AS `description`,group_concat(' ',`t`.`tag` separator ',') AS `tags` from ((((`biblio_book` `b` left join `biblio_tag_node` `tn` on(`b`.`id` = `tn`.`id_node`)) join `biblio_tags` `t` on(`t`.`id` = `tn`.`id_tag`)) join `biblio_taxonomy` `taxo` on(`taxo`.`id` = `t`.`id_taxonomy`)) join `biblio_position` `p` on(`p`.`id_item` = `b`.`id` and `p`.`item_type` = 'book')) group by `b`.`id` */;
/*!50001 SET character_set_client      = @saved_cs_client */;
/*!50001 SET character_set_results     = @saved_cs_results */;
/*!50001 SET collation_connection      = @saved_col_connection */;
/*!40103 SET TIME_ZONE=@OLD_TIME_ZONE */;

/*!40101 SET SQL_MODE=@OLD_SQL_MODE */;
/*!40014 SET FOREIGN_KEY_CHECKS=@OLD_FOREIGN_KEY_CHECKS */;
/*!40014 SET UNIQUE_CHECKS=@OLD_UNIQUE_CHECKS */;
/*!40101 SET CHARACTER_SET_CLIENT=@OLD_CHARACTER_SET_CLIENT */;
/*!40101 SET CHARACTER_SET_RESULTS=@OLD_CHARACTER_SET_RESULTS */;
/*!40101 SET COLLATION_CONNECTION=@OLD_COLLATION_CONNECTION */;
/*!40111 SET SQL_NOTES=@OLD_SQL_NOTES */;

-- Dump completed on 2021-03-08 22:07:51
